variable_id,mz,rt,QC_01,QC_02,QC_03,QC_04,QC_05,QC_06,QC_07,QC_08,QC_09,QC_10,QC_11,QC_12,S_001,S_002,S_003,S_004,S_005,S_006,S_007,S_008,S_009,S_010,S_011,S_012,S_013,S_014,S_015,S_016,S_017,S_018,S_019,S_020,S_021,S_022,S_023,S_024,S_025,S_026,S_027,S_028,S_029,S_030,S_031,S_032,S_033,S_034,S_035,S_036,S_037,S_038,S_039,S_040,S_041,S_042,S_043,S_044,S_045,S_046,S_047,S_048,S_049,S_050,S_051,S_052,S_053,S_054,S_055,S_056,S_057,S_058,S_059,S_060,S_061,S_062,S_063,S_064,S_065,S_066,S_068,S_069,S_070,S_071,S_072,S_073,S_074,S_075,S_076,S_077,S_078,S_079,S_080,S_081,S_082,S_083,S_084,S_085,S_086,S_087,S_088,S_089,S_090,S_091,S_092,S_093,S_094,S_095,S_096,S_097,S_098,S_099,S_100,S_101,S_102,S_103,S_104,S_105,S_106,S_107,S_108,S_109,S_110,S_111,S_112,S_113,S_114,S_115,S_116,S_117,S_118,S_119,S_120
M115T340_NEG,115.07550392182952,339.8655090332031,4313086.477287508,4412274.288262485,NA,4820961.305050019,4581540.41185,6359558.711558037,4273199.054024998,NA,NA,NA,7127904.381599989,5220801.645145816,NA,25899681.935249966,NA,NA,NA,NA,NA,NA,6432687.256333346,NA,47238229.5313081,NA,NA,NA,20766646.41364838,NA,NA,NA,5687345.862857156,6670881.727999959,NA,5515454.356650027,NA,NA,18623054.844732154,55565807.57437507,35265137.43599996,NA,17778924.799399998,NA,NA,NA,56170272.393214196,159882126.40229154,NA,21699660.55579999,7524590.81641406,NA,NA,17296561.045637492,NA,4707744.269260406,NA,17723018.77134997,NA,9078369.572460977,NA,NA,NA,NA,NA,NA,NA,8274384.766914029,10687356.126803545,NA,NA,NA,NA,NA,3874717.0851375232,NA,13404946.466775008,39640966.04774997,NA,NA,NA,NA,NA,NA,NA,NA,NA,NA,NA,54325561.84493224,NA,NA,NA,NA,16680567.507956244,59466603.42910701,43081281.274375,34749379.95552077,19604651.156324986,NA,16658924.33489999,3725690.3565249955,NA,NA,NA,NA,NA,14610701.937656244,65731215.36101822,NA,NA,NA,NA,NA,NA,NA,NA,16223812.869803544,NA,NA,NA,NA,NA,NA,NA,NA,22101586.3405536,NA,NA,NA,NA,8935226.09378438,NA
M139T664_NEG,139.11174528092153,663.860595703125,32363523.693902593,42318377.828969315,42693014.7696634,39632687.552839786,38348094.57157501,37249387.87248453,36718738.06214064,203116476.3413521,202394736.0778756,NA,NA,26359884.3247031,73517999.64169377,51090935.59710587,25943811.38908331,38067128.03922241,35089981.64045564,32513720.627050802,40334510.16643737,52460093.187074065,23674269.46823197,24752342.77583071,28213215.324099798,NA,31017510.57056069,58793189.72780546,32346774.165641453,28872739.655013025,59754301.7914505,30712449.536056582,NA,56064313.86716839,NA,NA,56012441.15371164,32275294.949247763,NA,43191425.9504373,60445354.12097837,NA,56090540.16945326,25717070.693679694,32704309.976617508,NA,NA,75933574.79695459,NA,NA,58982062.98653129,NA,NA,46269819.89861117,25373458.157287475,21173298.283082426,NA,32234151.24038003,53836282.10834798,NA,NA,56794096.676218785,NA,22449702.070497468,44348618.71788487,103889591.86689277,46302649.324671924,34725495.34624836,NA,47371709.41901913,NA,78405520.53657706,42007554.97453595,40196008.67539581,49581028.18820081,NA,40150925.47496588,29740200.659929633,59507409.69225005,NA,30691759.81660597,33117759.257154007,38292446.423377246,47162612.826333314,24079630.442793176,75831829.40323542,62520418.15262311,33990521.81692931,NA,NA,NA,22264627.12568784,20554009.827678524,56396845.003578864,58337595.47358693,31288385.372689433,41106798.24587504,34893375.983808845,NA,36243958.7405879,NA,33660186.17655082,38395457.327051386,40798118.22240003,43759558.77181038,22773708.995069202,129641502.85539137,19164565.435893748,38668893.13662015,NA,NA,NA,NA,NA,NA,NA,43635075.73287496,NA,NA,45476407.67221467,NA,NA,21934131.350656178,44557677.84843355,NA,NA,118198088.68145786,NA,NA,NA,NA,NA,35853598.91384376
M160T95_NEG,160.06069091621862,95.438140869140625,5936937.49389603,6726837.870022457,NA,6074411.5384875,4796486.909593752,6725565.256254295,6158224.744161913,NA,NA,NA,NA,NA,NA,NA,NA,NA,14848461.80753204,6467031.967689994,9514477.0385317709,NA,6468925.101302086,7523504.143743751,NA,5654899.057349609,NA,NA,NA,902373.3029043737,7394543.394445023,NA,NA,NA,NA,20554845.629405268,NA,NA,NA,NA,NA,NA,NA,3562777.0887588533,NA,NA,NA,NA,NA,NA,2021898.0636458322,NA,NA,NA,NA,NA,NA,NA,3004116.4636555994,1996793.723103126,4296220.300145472,5506087.245509995,NA,5040366.773359822,1249153.5881771876,NA,NA,4676671.396170146,NA,NA,NA,NA,3168090.1058803983,NA,NA,NA,1633286.8562380585,NA,NA,5978491.749691415,NA,NA,NA,NA,NA,NA,4088420.9265917414,NA,NA,7325484.346008285,NA,NA,NA,NA,NA,NA,2705786.550053795,NA,1997183.2344575808,NA,2654656.2550487495,NA,NA,NA,NA,NA,12895637.803846875,NA,NA,NA,NA,NA,7501911.659711455,NA,NA,781389.0085307813,NA,NA,NA,6117920.225750001,NA,1791075.7452524977,NA,3022976.277684571,NA,NA,NA,NA,NA,1494848.6620453133,NA,NA,NA
M175T109_NEG,175.06041526763153,109.22714233398438,13349145.5255888,9377660.07646875,14843230.157230027,10033804.407981774,10399149.470212061,11273904.328506889,9430043.065583324,10372457.789182695,11425509.420489782,11951532.831396634,12657664.76751562,NA,11859326.199652772,11942783.737552885,NA,NA,NA,NA,NA,4370123.469170456,9482309.790505756,10905727.479589846,19886851.503741473,NA,4217021.937376804,NA,NA,5207285.053372161,NA,8795902.316631768,7037995.242484377,10541278.960363448,NA,NA,4943451.548628907,7815476.186773994,8931014.592840534,NA,21595807.703106903,NA,12009020.868822116,3805977.767911659,10394459.524633227,19179878.906177368,23599664.166158658,35553154.63362812,NA,4469921.707126738,27366658.563281193,3026863.822550782,14538943.366189392,24693165.992134187,4598437.892886158,10056980.121957924,8436297.019218745,9085797.811335208,23003739.751909107,4345014.34287855,NA,37405128.835265614,10987255.817264754,6414936.995908201,14693033.106874343,11066088.300084738,NA,5971571.176066402,NA,15554809.62632031,NA,11054751.095,7010648.586784506,17027356.77668906,10420876.846413353,7355926.890888892,12025475.584916312,19015125.89484376,4607737.541503713,NA,NA,5180326.996475833,2247548.8198177097,12869753.60130312,6384271.539593754,4067090.1438153414,NA,5095563.600636365,6118975.79990625,NA,NA,5292599.730310695,4630733.878252794,NA,15760016.411406243,NA,NA,31360697.31645299,14511991.811268028,NA,14337703.89675,12315373.172999997,5739217.229984375,8608158.57552344,20494296.326385215,5113322.5836,NA,6301551.855295456,NA,NA,9556212.092357958,5841432.881177555,NA,NA,6268577.164187498,NA,NA,4263685.400733458,2998281.0531132813,19701349.877112973,NA,12104602.057257816,19505242.761144344,NA,12480101.238185696,4752543.826593747,10613581.591375,NA,NA,12846035.17090385,13832859.182427846,NA,NA
M177T459_NEG,177.05485647790087,459.10198974609375,55584491.018833295,45377823.96978403,37648567.54332689,55744196.44025632,58167206.20465823,40686571.874761045,50082985.1191042,44102430.46529319,32114805.352064732,45272055.37385869,58354795.04928,43338352.48518747,NA,NA,NA,171655617.16399857,NA,181556263.7113977,85388293.002866,NA,15036472.440372951,NA,NA,59104691.58812036,NA,135787997.7142251,NA,NA,163216599.35773236,NA,NA,NA,74064172.61562489,NA,2476200.883169263,66998410.00628207,NA,104646089.1718615,NA,NA,NA,NA,NA,81706273.99002372,63946775.39844609,NA,NA,NA,NA,NA,NA,NA,NA,NA,NA,NA,148624962.45673838,NA,220090770.27593443,NA,NA,5039416.655520816,NA,52058910.51103547,NA,NA,NA,NA,NA,NA,NA,29431487.58904278,NA,73224014.37160708,NA,69366622.69411875,NA,NA,248821322.97958308,NA,NA,NA,NA,NA,NA,NA,NA,NA,NA,NA,NA,65232564.31144198,103971688.393217,NA,NA,58194047.10599985,NA,NA,26146949.535972178,52633172.62144652,NA,NA,NA,NA,106352068.84345321,NA,79665435.50911093,NA,8711006.371965615,NA,NA,193864016.1736479,NA,NA,NA,NA,NA,NA,NA,NA,24221766.783683036,115131528.94687495,NA,17054679.105106477,NA,NA,NA,29851586.581883688,NA,NA,30587242.192704394
M184T108_NEG,184.0608753553239,108.48190307617188,NA,7041609.192269942,6169574.912113072,6824852.027175924,5694801.294276615,5481131.332630079,6103373.780932812,3503465.1672259597,NA,6455625.378210937,4124475.5100488323,5771956.877798367,4810283.153671873,6980070.450605275,NA,NA,10918995.416295316,7502317.143,10984376.711347833,NA,5619795.901282985,5728979.468422322,10352102.787429787,7235918.950452185,NA,5270903.569203123,5112550.180171874,4962360.1984005645,6547862.449995851,4071671.4008496134,7440501.264413539,5783229.443062506,7641652.236577415,9506557.552900253,3418152.9593718755,5150106.82848828,2736076.989161132,5073928.192992185,3026970.4219472636,3289557.7019523443,5041596.749856771,6232534.762214161,3045656.854921877,4388622.378819645,2963626.1601927085,4056694.0662861434,NA,2143993.720762498,3349575.258088802,NA,NA,2940743.418726665,NA,4002939.823082645,6432485.676389862,6431631.608199108,13735148.395528363,4784560.507148065,8959144.028705353,9500356.851587504,1631728.3630885414,3521046.326155356,5226484.047107745,4328617.365746524,7794332.431499994,6423979.435190624,4002233.6469196766,2882204.3189744335,1340308.035565625,8760706.387766669,4230587.249889915,7488279.025400782,4337072.356139688,6782432.772937176,5405384.954266177,3779633.193574222,NA,3420213.5461250045,6869698.4083359325,7583526.516525951,NA,6939102.1326046875,3446019.1243290263,3959425.406406251,2993617.295603516,3530467.219273003,4688133.971698046,14931404.637529934,2770249.198005206,3447310.2076562503,5032078.591959738,NA,11239446.993960027,8861174.095151994,8739831.007001445,6090575.505083331,NA,5897237.943684491,7712234.347812143,10994816.273746463,5399795.548027453,3903770.477670451,3729254.7006590925,NA,8047975.661985414,NA,2319759.458583333,1646899.0631586902,8470298.96874375,4961140.706940862,3572182.67578125,NA,2282685.333889648,1754931.99776875,NA,1869128.4471562502,NA,8850662.990487136,5550107.860203124,10203699.427621739,3992348.955902892,10219030.928105986,3574725.933797609,2713776.9267656235,2900491.572481533,3505592.780224477,NA,3229604.2410377925,3010722.515939127,3248093.3580249036,2827400.8651505844
M193T453_NEG,193.04999032530304,452.5638427734375,12790948.012641924,NA,8770023.472012483,9665841.274544256,NA,NA,NA,9081959.731649961,12203201.124762496,11788704.801471593,11179109.336102428,12723544.9684801,NA,NA,9341578.309499983,NA,NA,NA,22111456.26274557,7189056.952091674,NA,NA,NA,16337819.037434036,NA,NA,NA,NA,NA,NA,NA,NA,NA,NA,NA,NA,NA,24205882.91226573,NA,NA,NA,NA,NA,NA,NA,NA,NA,NA,NA,NA,NA,1790550.235116076,NA,NA,NA,NA,NA,NA,NA,50610564.05142,2810656.0911818184,NA,NA,NA,10166150.059664065,NA,NA,NA,NA,NA,NA,NA,NA,NA,NA,NA,1866405.1170908196,NA,NA,NA,NA,NA,NA,NA,1643028.5235357159,NA,NA,27534846.745767802,NA,NA,2176302.4155117217,NA,11590801.562179694,5185558.802518769,22739665.061562482,31250746.89030356,NA,12087229.132333329,16239495.31318752,24152532.482640594,NA,NA,NA,3014631.590351566,67708882.3061606,NA,36249054.06389061,NA,4727866.832527339,14447987.44694922,34697550.05389736,NA,NA,NA,NA,NA,NA,NA,NA,NA,10654550.652800338,NA,9817761.586293735,3454741.5650555543,17632584.937781233,11406393.193872401,NA,15054838.41787949,4353470.368332883,45826508.18943752,11776421.465664053
M195T421_NEG,195.0656079039468,421.2995910644531,160309256.68075526,144268213.30276567,162973010.82820824,170472693.7684816,154583573.86456674,151776984.1315507,167388142.36569574,77468395.37642981,67610070.96126288,167348972.7861188,159077186.67954957,160244308.75057638,NA,NA,44545509.7823864,724149090.0855081,143618316.371478,NA,212502261.45639044,NA,27334645.861988623,13100932.34246971,36997305.94062502,209344231.03153113,NA,NA,11342435.878958313,9274161.291809026,168932583.19259742,12287271.145528857,NA,16005084.229336806,133727176.32374132,NA,NA,61281406.07534623,32494019.44045842,83246472.68296875,NA,10384951.194892414,10882104.314480111,13400324.785500014,NA,89090687.25397922,146639528.8393698,50764488.840812474,NA,NA,17479954.203379706,NA,9075363.375052737,NA,15154514.90302282,NA,NA,13783556.027007805,680036077.0190988,NA,NA,175361862.3225,NA,NA,NA,92676261.181805,66639272.51752612,9989530.907377928,18084711.10587044,NA,NA,NA,NA,116025742.05526213,36302602.84400562,116739259.27144131,15407486.56765747,128505848.02807027,NA,NA,NA,NA,NA,9673304.541999996,8143231.370432119,NA,4358740.991087619,NA,NA,410642561.3465877,NA,NA,NA,NA,NA,96091263.48935002,113763064.54080266,148420360.87938747,41857921.84112111,73493291.60171807,93857270.85950674,82835148.19905213,19568856.201351587,13009113.597977275,24306186.967082065,16335346.45101562,161357506.5606296,NA,NA,NA,NA,51421923.395841025,319504790.9219006,848811567.6035607,NA,NA,14447461.503855275,NA,NA,229986078.00669107,268492398.96789265,58556630.1913001,109214183.24420016,391492906.79482245,71690468.29423179,70113181.10249364,49882134.13466409,55353295.03606862,NA,61555094.69577835,15147958.333201157,111818680.22193761,34965846.526535705
M195T459_NEG,195.06561400387585,459.11907958984375,33736906.38181432,NA,35773099.3892721,NA,NA,25727082.571593747,32743623.130402576,NA,NA,34068044.37416358,34928285.33356624,37114738.227552645,NA,NA,NA,149632351.36674973,48036879.09784719,NA,NA,NA,NA,NA,NA,NA,NA,NA,NA,NA,NA,NA,NA,NA,48698972.66225091,NA,NA,20080874.46166664,NA,87487495.63589077,NA,NA,NA,NA,NA,NA,53009517.09041365,NA,NA,NA,NA,NA,NA,7191411.493760154,NA,NA,NA,NA,NA,NA,NA,NA,NA,NA,NA,45264261.98143054,NA,NA,NA,NA,NA,NA,NA,NA,NA,NA,NA,NA,NA,NA,NA,NA,NA,NA,NA,NA,NA,NA,NA,95249533.5046121,NA,NA,NA,NA,NA,NA,52862905.43308657,NA,NA,NA,NA,61002364.44596356,NA,NA,NA,NA,NA,NA,NA,NA,NA,14441593.895696165,NA,NA,NA,NA,NA,NA,NA,NA,47950131.59891278,NA,16191122.872277996,NA,NA,NA,NA,NA,NA,NA,NA,77667926.38290627,15029512.931999944
M199T465_NEG,199.09698974715894,464.52003479003906,25243691.722757794,29849067.622232426,21239586.00695629,26696311.225135423,19850682.765164148,NA,25405599.97312502,NA,NA,22561657.286562495,24125443.542062435,22876900.9731875,12427546.87272659,24018139.29899997,67720377.03824572,51336664.05468761,74342531.93060851,28080667.53307027,45396191.09850781,NA,NA,19736183.753324993,NA,13076096.545078177,NA,16553080.997943746,NA,NA,32534361.64447194,47548718.98032814,10677847.3846354,36538959.818128936,39029723.23494879,24136817.35500003,NA,16229551.541520843,11520549.509355461,NA,NA,NA,25775246.85203127,24307709.76316875,17423495.586650025,24064626.086718716,26186901.762656204,28010214.702499952,NA,NA,NA,NA,NA,20306002.810351495,NA,17700185.742937516,13491556.159660155,26422220.8378688,50265466.91064842,NA,22090891.106484342,81552350.85807276,NA,NA,21231732.08783599,NA,NA,12521610.532012489,NA,NA,NA,15653373.787406255,14147765.730881233,22556793.41343743,NA,41396351.66595707,20899260.761062536,30214362.783468757,NA,NA,NA,14807530.753207017,NA,37137696.505800076,NA,NA,NA,NA,NA,NA,NA,NA,12600700.460687479,NA,NA,NA,NA,36277617.94511459,NA,19777686.40025393,NA,37100299.9236429,15881234.759718783,17159833.665000018,9679394.283899995,NA,33183417.255281325,NA,NA,NA,18798337.428749993,10815314.909140617,NA,26794859.154578194,NA,NA,NA,NA,NA,52770153.58125005,19707124.381312452,36816497.88274996,16037671.881196817,NA,NA,6453783.239089047,NA,NA,NA,13001249.254199995,NA,NA,NA
M200T452_NEG,200.1284828291037,451.8688049316406,NA,2325841.854171882,NA,NA,2477752.367418838,2802988.2714882777,2308750.3052578247,NA,NA,2693326.7272600513,1831645.5477828113,2548122.7439179616,NA,NA,NA,NA,NA,NA,NA,NA,NA,NA,NA,NA,NA,NA,NA,NA,NA,1844901.5082519515,NA,NA,NA,NA,NA,NA,NA,NA,NA,NA,NA,1130337.921881243,NA,NA,921833.3487390607,NA,NA,NA,NA,NA,NA,NA,NA,NA,NA,NA,NA,NA,NA,NA,968167.3306250016,NA,NA,NA,NA,NA,NA,NA,NA,NA,NA,NA,NA,NA,NA,NA,NA,NA,NA,NA,NA,NA,NA,NA,NA,NA,NA,1907149.0917562523,NA,NA,NA,NA,NA,NA,NA,NA,NA,NA,NA,NA,2491694.723756252,NA,NA,NA,NA,NA,NA,NA,NA,NA,NA,NA,NA,NA,NA,NA,NA,NA,NA,NA,NA,NA,NA,NA,NA,1555932.3316489959,NA,NA,NA,NA,NA
M202T102_NEG,202.07149022447803,102.42877197265625,NA,2002972.9732598949,2551163.625703123,1891364.1183105481,1885570.5790880867,2768674.1925331242,3066873.5628945306,1439629.6936562487,2922653.38154427,2613743.4029173455,2865546.499596094,2421935.3747715624,2051900.1027078114,2248815.7170873703,NA,NA,7014772.06973594,NA,6667981.723365623,NA,3580657.6475877846,3661869.9795071865,4626998.591993749,NA,NA,NA,NA,NA,NA,3680640.1672895825,2957150.3587396857,2801438.025961915,NA,NA,1489134.403698047,2079167.7890976565,2517598.072376954,9767747.28637768,2853343.621445625,NA,2974812.7463628245,4509737.748437307,NA,NA,4000149.1206487487,4590937.086700781,NA,2867086.904323661,4719420.750083986,NA,NA,3421751.975794138,2019044.5564072258,NA,2486745.9500378896,4662730.406010154,NA,3052657.967481929,NA,NA,1483938.187413574,3187115.936229999,3610076.925684898,5923427.6046843715,NA,2128603.8804507805,NA,NA,NA,3500629.814447344,2958996.2409559228,2875386.4757023435,1185388.3466525387,4692429.193642342,NA,5350391.343050257,1609536.0920100573,1519421.396031484,NA,3018805.567279845,NA,3074915.3199299998,NA,3201062.213238282,2005699.983385936,1479144.4696142573,NA,5233821.110553752,NA,NA,2035262.3823027322,NA,NA,2267763.849244445,7649030.433737501,7708231.232334379,1432022.8942770304,2476508.946823439,2698466.728800001,5278324.694335942,5559302.433849609,4176661.403789061,1892313.0255640629,NA,5147067.946897224,NA,NA,1051289.4784811381,4721378.93332617,NA,NA,NA,NA,NA,NA,NA,NA,NA,NA,NA,1187729.4152614593,NA,NA,NA,1774781.7018120533,6585982.392093128,NA,NA,NA,4009840.8809736604,1778681.8088745526
M206T416_NEG,206.0817417805054,415.6823272705078,NA,NA,NA,NA,NA,2887679.765335938,NA,5711475.468234357,4373654.388565616,1820936.0608242208,2269072.1603320315,3442485.3056976357,NA,NA,NA,13610723.930843767,NA,1346268.9506640632,NA,NA,NA,6769532.1968066385,NA,3797860.1348347273,NA,NA,NA,NA,77436709.62302455,NA,NA,NA,NA,3763070.5488202996,NA,NA,NA,2225435.7357141986,NA,NA,NA,NA,NA,10236505.246613828,NA,1105712.6667685548,NA,3089700.190020087,NA,NA,NA,NA,NA,NA,NA,NA,NA,NA,NA,58004998.528346084,NA,NA,NA,NA,NA,NA,NA,NA,NA,NA,3620614.4049778613,NA,NA,3901713.764507806,NA,NA,NA,NA,NA,NA,NA,NA,NA,NA,NA,NA,NA,NA,NA,NA,NA,NA,NA,NA,1413426.8628046904,NA,NA,NA,1282984.2340605485,NA,4858939.406393662,3541041.4397463547,NA,NA,NA,872534.2866882841,1606968.7609505188,NA,NA,NA,NA,NA,NA,NA,NA,NA,NA,NA,NA,1393530.0560796894,NA,NA,NA,NA,NA,NA,NA,NA,NA,NA,NA
M206T392_NEG,206.0817557800534,391.8322296142578,NA,NA,NA,NA,2345934.6852330696,2170628.4778718743,NA,5887522.150530133,5782548.830729153,2189430.063802729,2146380.6594375065,NA,NA,NA,NA,NA,NA,NA,NA,NA,NA,NA,NA,5855942.329379893,NA,NA,NA,NA,82490729.38976274,NA,NA,NA,6694239.712430065,5513145.078359388,NA,NA,NA,NA,NA,NA,NA,NA,NA,NA,NA,NA,NA,NA,NA,NA,NA,NA,NA,NA,NA,NA,NA,NA,NA,92423175.23826565,NA,NA,NA,NA,NA,NA,NA,NA,NA,NA,NA,NA,NA,3841909.878144956,NA,NA,NA,NA,12352049.317394203,NA,NA,NA,NA,NA,NA,NA,NA,NA,NA,1838765.8640007882,NA,NA,NA,NA,NA,2150805.038495534,NA,NA,NA,1930323.9331720523,NA,NA,NA,NA,10419707.337047895,NA,NA,NA,1337457.1091308566,NA,21270194.836623892,1642386.0816796885,NA,NA,NA,NA,NA,NA,1943451.264702005,800016.5693203093,NA,NA,NA,NA,NA,NA,NA,NA,NA,NA,NA
M209T609_NEG,209.11781896627662,609.1795349121094,8370847.475050005,11810644.847357074,11374375.021625012,12170542.04756242,NA,NA,NA,12487860.071510438,15594807.14316444,15592087.789236935,14135524.81502079,NA,NA,NA,NA,NA,NA,NA,NA,11077284.469535777,22906271.772441078,12214971.215136146,NA,NA,6916382.826017848,5335124.937749967,NA,NA,NA,NA,8145886.596975105,NA,NA,NA,5943858.011463564,NA,NA,NA,NA,NA,NA,NA,4359749.721071445,NA,NA,NA,NA,NA,NA,NA,NA,NA,4174120.3343968713,NA,NA,NA,4161610.7820625105,NA,NA,NA,NA,4732937.613696442,11468629.688964877,NA,NA,NA,NA,NA,NA,3532087.3475593426,4848198.600787541,7374730.969919662,NA,6181981.210406288,9275509.300000064,NA,6645682.285116049,8263003.142142787,NA,NA,5121985.800817694,NA,NA,8287828.641312495,NA,8223110.925464259,NA,NA,NA,NA,NA,NA,NA,6465511.201824975,NA,NA,NA,NA,NA,NA,NA,10207433.01218296,NA,7037171.604036425,NA,NA,NA,6593139.975675002,NA,NA,NA,NA,NA,NA,4574413.031700033,NA,NA,NA,NA,14164689.201039009,26240900.73602799,6348974.013399324,10362987.274285693,15663454.623579523,NA,12883925.48289584,NA,NA,10729958.193062399,NA,NA
M210T610_NEG,210.12101533944997,609.8454895019531,NA,1390760.3327812462,NA,1283389.1288718558,1398256.6333761243,945010.5603750037,1571822.849093751,1509361.2237500027,1929492.110632325,NA,1584817.3165649471,NA,NA,1080728.932499984,NA,NA,NA,NA,NA,NA,NA,NA,NA,NA,NA,NA,NA,NA,1704791.516895509,NA,NA,NA,NA,NA,NA,NA,NA,NA,NA,NA,NA,NA,NA,NA,NA,NA,NA,NA,NA,NA,NA,NA,NA,NA,NA,NA,NA,NA,NA,NA,NA,NA,NA,510350.5853906234,NA,NA,NA,NA,NA,NA,624242.6198531302,637967.5843906268,NA,NA,NA,NA,NA,897638.8353749887,NA,NA,NA,668217.3298453026,2006495.0200446555,NA,NA,NA,NA,NA,NA,NA,NA,NA,NA,NA,897671.9555424019,NA,NA,NA,1775965.097937019,NA,NA,1242628.8296350355,1905442.1671391749,NA,NA,NA,NA,1117067.7330625043,NA,1282115.7175502249,NA,NA,NA,988933.6885999988,NA,NA,NA,NA,1060740.9913030113,NA,3585265.2222269345,NA,1277074.1465376092,2044865.7701694136,658208.2895882825,NA,NA,NA,1179661.2289140513,NA,625480.8062343821
M211T517_NEG,211.0968916313755,517.4892578125,4569234.241984383,4693791.995457017,4063835.366804691,NA,NA,4156856.743402343,4671985.197378132,NA,NA,NA,5557354.96137187,4291602.071804707,NA,NA,NA,NA,8968019.991812507,NA,10952468.315517837,NA,3406013.6191453035,32582769.916035157,NA,NA,NA,NA,NA,NA,NA,NA,NA,NA,NA,NA,NA,NA,NA,NA,NA,NA,7535733.213046856,NA,NA,NA,NA,NA,NA,NA,NA,NA,NA,NA,NA,NA,NA,NA,NA,NA,5978303.786557302,9664760.155468788,NA,NA,NA,NA,NA,NA,NA,NA,NA,NA,NA,NA,NA,NA,NA,NA,NA,8850144.72322496,NA,NA,NA,NA,NA,NA,1892169.1297617208,NA,NA,NA,NA,NA,NA,NA,NA,NA,6101387.418671884,NA,NA,NA,NA,9932012.00120119,18336401.878955293,NA,NA,NA,NA,NA,NA,NA,NA,NA,NA,NA,NA,NA,NA,NA,NA,NA,6539817.503473547,NA,NA,NA,NA,NA,NA,NA,NA,NA,NA,NA,NA
M233T770_NEG,233.1544949783458,770.14202880859375,11467752.285479944,10807805.240816943,11622378.752930721,NA,11054982.769498609,12371024.387819042,13109787.222506829,NA,NA,NA,NA,NA,NA,NA,NA,NA,NA,NA,NA,NA,NA,NA,NA,NA,NA,NA,NA,NA,NA,NA,NA,NA,NA,NA,NA,NA,NA,NA,NA,NA,NA,NA,NA,NA,NA,NA,NA,NA,NA,NA,NA,NA,NA,NA,NA,NA,NA,NA,NA,NA,NA,NA,NA,NA,NA,NA,NA,NA,NA,NA,NA,NA,NA,NA,NA,NA,NA,NA,NA,NA,NA,NA,NA,NA,NA,NA,NA,NA,NA,NA,NA,NA,NA,NA,NA,NA,NA,NA,NA,NA,NA,NA,NA,NA,NA,NA,NA,NA,NA,NA,NA,NA,NA,NA,NA,NA,NA,NA,NA,NA,7935043.944287863,NA,NA,NA,NA,NA,NA,NA,NA,NA,NA
M242T804_NEG,242.17592421162485,803.72015380859375,830402.5248000029,1073561.8215569947,511047.13910722634,753802.7117421896,NA,NA,NA,NA,NA,NA,772971.8183103518,678238.3957395821,961088.3941868823,NA,NA,NA,NA,NA,NA,NA,NA,NA,NA,NA,NA,NA,NA,NA,NA,NA,NA,NA,NA,NA,NA,NA,NA,NA,NA,NA,NA,NA,NA,NA,NA,NA,NA,NA,NA,NA,NA,NA,845310.2038505898,NA,NA,NA,NA,NA,NA,NA,NA,NA,NA,NA,NA,NA,NA,NA,NA,NA,NA,NA,1303809.5270712243,NA,NA,NA,NA,NA,NA,NA,NA,NA,NA,NA,NA,NA,NA,NA,NA,NA,NA,NA,NA,NA,NA,NA,NA,NA,NA,NA,NA,NA,NA,NA,NA,NA,NA,NA,NA,NA,NA,NA,NA,NA,NA,NA,NA,NA,NA,NA,NA,NA,NA,NA,NA,NA,NA,NA,NA,NA,NA
M265T530_NEG,265.1442350953837,530.1329650878906,13601006.40462893,12299163.695853556,11356137.837273369,25302314.44842049,NA,10765474.337968752,9603964.735234369,NA,NA,11265194.519062515,NA,NA,NA,NA,NA,NA,40192784.20981034,NA,31199447.54226428,NA,20347729.212053545,18976745.634534325,NA,NA,NA,NA,NA,NA,30399143.45522948,17150002.938725084,NA,13420422.785688585,34980485.11150517,14341006.450479832,NA,10795548.224999992,NA,18703206.965494845,NA,NA,NA,NA,NA,16741073.109458292,13047304.573046854,NA,NA,NA,15965148.32196612,NA,NA,NA,NA,6484282.158125007,9429081.696707629,NA,NA,NA,23922561.103617214,55699756.21424996,11252210.382187476,NA,NA,45946855.14657892,NA,NA,NA,NA,NA,12962838.663394922,NA,11073706.90027606,7418553.223794641,21250062.254020195,NA,NA,NA,10733967.754171886,NA,6215453.2936471505,NA,25816473.751605533,NA,8972112.98328519,NA,NA,NA,NA,3598978.5575690046,NA,6138148.073308623,NA,NA,NA,NA,NA,NA,NA,NA,NA,NA,8331322.279988238,NA,NA,NA,NA,NA,NA,23972937.109094843,NA,NA,NA,NA,NA,NA,NA,NA,NA,NA,17210812.518967062,NA,NA,NA,NA,NA,NA,NA,NA,NA,NA,NA
M266T100_NEG,266.089243131939,99.62517929077148,1644415.1713837495,2559872.632025519,2030491.6742339276,1961142.0290000036,2447431.6041173604,2593120.340832589,2506175.386125893,NA,2440129.407331597,3000694.6512256907,2408809.641903212,2394511.4616531255,NA,3866564.5182865253,NA,NA,6575313.189165037,12494769.831843741,NA,NA,NA,NA,NA,NA,NA,6175812.099245154,NA,NA,1915939.5161375,NA,NA,NA,NA,3570178.1880156198,NA,1477569.8583441405,NA,NA,NA,NA,NA,NA,NA,3323705.9686552715,NA,NA,NA,NA,NA,NA,NA,1571578.8114698008,NA,NA,NA,NA,NA,NA,NA,2072611.1827062492,NA,NA,NA,NA,NA,NA,NA,NA,NA,4391451.533831382,9000654.77818421,NA,NA,15602924.573218744,NA,NA,NA,NA,NA,NA,NA,NA,NA,NA,NA,NA,NA,2519508.382973697,NA,NA,NA,NA,NA,NA,NA,NA,NA,NA,NA,NA,NA,NA,NA,NA,6777288.088812493,NA,NA,NA,NA,NA,NA,10860181.371627776,NA,NA,NA,NA,NA,NA,6969046.600758396,NA,NA,NA,NA,NA,NA,NA,NA,NA,NA,NA,NA
M271T85_NEG,270.7994206973036,85.47460174560547,772609.0076383679,NA,NA,NA,NA,915528.0731187512,931319.6107624995,NA,NA,865893.3059589837,1039772.4668843745,1371147.3365574218,NA,19729072.900986712,NA,NA,NA,NA,NA,NA,NA,NA,2490705.002577342,NA,NA,NA,1089040.6196920332,15394797.833266674,NA,NA,NA,NA,NA,NA,NA,NA,NA,NA,NA,346907.860465625,2356987.389406476,NA,NA,NA,2059057.073069532,NA,NA,NA,NA,NA,NA,1245857.281034879,NA,926013.5030095695,NA,3675636.6845973185,NA,NA,NA,NA,NA,NA,NA,476355.7393874993,15235241.911799995,NA,NA,2415596.343030933,NA,814700.810304362,NA,NA,NA,NA,6946062.5416269535,710510.8004274995,NA,NA,NA,NA,NA,NA,4359499.954397952,NA,NA,1259269.7601515627,NA,NA,NA,16980622.659247927,NA,NA,NA,1600961.860885379,NA,NA,659301.3259916677,NA,3126084.3683437556,NA,NA,NA,NA,10527821.858683586,NA,1146941.5721393223,NA,NA,NA,15617685.080628464,NA,NA,1103225.6061225012,NA,NA,NA,NA,NA,NA,1103171.8021394867,474500.9183318741,NA,3725789.734289583,NA,6971684.066648434,NA,NA,NA,NA,1114758.2147628109,987019.5330193762
M271T762_NEG,271.2277749027505,762.3309326171875,13410018.426775858,NA,NA,6460506.3774548415,NA,5028582.817933591,8330231.921795541,NA,2523220.0013035657,5625111.748080899,8033823.631583351,8014757.000857222,NA,NA,NA,NA,NA,NA,1519689.3514296892,NA,NA,2182787.8208125005,NA,NA,NA,NA,NA,NA,1712538.0527571598,NA,NA,NA,NA,NA,NA,NA,NA,NA,NA,NA,NA,NA,NA,NA,NA,955997.01102976,NA,NA,NA,NA,NA,NA,NA,NA,NA,NA,NA,NA,NA,1454242.826322118,NA,NA,NA,NA,NA,NA,NA,NA,NA,NA,NA,NA,NA,NA,NA,1220586.2343984414,700622.6988880223,NA,NA,NA,NA,NA,NA,1511670.708069711,NA,NA,NA,NA,NA,NA,NA,NA,NA,NA,NA,NA,NA,NA,NA,NA,NA,NA,NA,NA,NA,1096718.7189445314,1174136.4419230777,NA,990277.2793719983,NA,1255163.9821640693,NA,1151781.1826367243,NA,NA,NA,NA,NA,NA,NA,NA,NA,NA,NA,NA,NA,NA,NA,NA,NA,NA
M282T98_NEG,282.0843494775441,97.70458984375,1661884.4463407537,NA,NA,NA,1830920.3944001966,1912941.279116753,2073162.7208718762,1904535.4469185537,2855615.207042501,2038147.6778566397,NA,2119037.4464093763,NA,NA,NA,NA,NA,NA,NA,NA,NA,NA,NA,NA,NA,NA,NA,NA,2474674.1835208097,NA,NA,NA,5317049.236862154,NA,NA,NA,NA,NA,NA,NA,NA,2087727.400401786,NA,2134433.016424571,NA,NA,NA,2265216.4155234364,NA,NA,NA,1644229.1462844252,NA,NA,NA,1503809.7118523421,NA,NA,NA,2553692.7024492174,285596.5034122659,NA,4373649.61209375,NA,NA,NA,NA,NA,NA,3468979.4100199197,NA,NA,NA,15153371.745400002,NA,NA,NA,NA,7053870.727148435,1509427.3284466793,NA,NA,NA,NA,NA,NA,NA,NA,NA,NA,NA,NA,NA,NA,NA,NA,NA,NA,NA,NA,NA,NA,NA,NA,8821594.786335303,NA,NA,NA,NA,NA,9231694.605831558,9093922.924298752,NA,NA,NA,NA,NA,NA,NA,NA,NA,NA,NA,NA,NA,NA,NA,NA,NA,NA,NA
M287T110_NEG,287.0777257643194,109.81360510253907,NA,6422206.430597356,6055130.199114482,6287691.117712501,5839035.633794532,6078505.734872395,6060181.11851074,NA,NA,6965174.633901365,6526793.630023273,7138403.216015627,NA,NA,NA,NA,17627392.848187488,15530456.499333339,NA,NA,4239825.971852433,3961342.5536015616,NA,NA,NA,3816822.8461517836,2596032.7211562498,NA,9258202.833953124,NA,1881902.7892792972,NA,6670874.939953127,4423985.374553486,699975.046575,6101760.74683761,NA,5333461.799124134,2163887.2390494808,NA,NA,NA,NA,7041100.081808032,NA,NA,NA,NA,NA,NA,NA,NA,NA,NA,1765875.188181152,NA,8056200.656927283,NA,10512900.944754267,7345286.209339191,NA,5004357.48996875,2211964.498175224,NA,NA,4972370.5893749995,NA,NA,NA,1782894.3718125005,NA,NA,2349112.3336394522,6867074.014933334,2149688.2260468756,4834040.234867898,1301521.1801593734,1625442.2855015623,NA,NA,NA,NA,2727967.7765838075,1434460.671728517,NA,NA,NA,NA,NA,NA,NA,NA,NA,NA,8166953.300566407,NA,NA,NA,NA,NA,NA,2859336.938956248,NA,NA,NA,NA,3540637.5973993414,NA,7188484.668269524,2801001.71445419,NA,28124511.33275184,NA,NA,1550633.0737065978,NA,NA,NA,7592353.818134763,NA,6079448.948850002,14978822.179013673,NA,1197232.791463542,NA,NA,NA,NA,NA,NA,1903558.085859373
M289T85_NEG,288.7694533404236,85.080413818359375,1114208.5785971866,1390608.2299546893,1282235.5131421862,1360527.639449062,1518355.280569532,1783199.0958921858,1143290.2407909385,NA,NA,1384887.1646582019,1283133.3560284353,1195674.4709617188,NA,1071851.9375106264,NA,NA,NA,NA,NA,NA,NA,NA,2113945.5544956475,NA,NA,NA,1176812.5431678146,NA,NA,NA,NA,1354248.7171150385,NA,NA,NA,NA,NA,NA,2059305.3183033476,NA,1599935.982823179,1051102.0678171876,NA,NA,NA,NA,NA,NA,NA,NA,NA,1157789.8039125004,415880.6671941413,607361.7027131246,NA,3608148.2471628366,NA,1531299.3220749986,NA,NA,NA,NA,NA,1022674.2429971361,1960846.9672492202,NA,NA,NA,NA,NA,2838627.524087764,2415870.6406739573,NA,NA,NA,NA,NA,NA,NA,NA,NA,NA,NA,NA,NA,NA,NA,NA,NA,NA,NA,NA,NA,1988157.7333381672,NA,NA,NA,494425.0622135413,2792545.6139911497,NA,NA,962252.5321718747,818506.8342242191,NA,NA,NA,NA,NA,NA,3624345.001565234,NA,NA,1253064.6789631264,NA,NA,NA,NA,NA,NA,1778401.4418699804,NA,NA,NA,NA,1539550.674657188,NA,NA,854943.5160918739,561088.8542628896,NA,NA
M289T360_NEG,289.07197973257075,359.5228729248047,41803750.49010396,37448741.14441146,26068866.45234291,19552467.0595894,8976520.754855867,4656624.436254818,3040056.4435178563,NA,NA,NA,23253146.77917969,9081399.916230483,NA,NA,NA,NA,NA,NA,NA,NA,NA,NA,NA,NA,NA,NA,NA,NA,NA,NA,NA,NA,NA,NA,NA,NA,NA,NA,NA,NA,NA,NA,NA,NA,NA,NA,NA,NA,NA,NA,NA,NA,NA,NA,NA,NA,NA,NA,NA,NA,NA,NA,NA,NA,NA,NA,NA,NA,NA,NA,NA,NA,NA,NA,NA,NA,NA,NA,NA,NA,NA,NA,NA,NA,NA,NA,NA,NA,NA,NA,NA,NA,NA,NA,NA,NA,NA,NA,NA,NA,NA,NA,NA,NA,NA,NA,NA,NA,NA,4620172.594614562,NA,NA,NA,NA,NA,NA,NA,NA,NA,NA,NA,NA,NA,NA,NA,NA,NA,NA,NA,NA,NA
M295T502_NEG,295.1554448246293,501.74180603027344,2456457.0725277825,NA,NA,NA,NA,NA,NA,NA,NA,NA,3057428.264583981,NA,3271381.624999998,4134154.117093755,2544612.333739586,NA,NA,NA,7897944.498495369,1852337.4937265578,3546375.878621079,NA,3237899.404124995,4710949.5180963585,2871872.3643789114,NA,5035627.091395319,2829747.4577226564,NA,4508268.399837231,6598933.96854219,NA,NA,2858437.7705772077,1895934.7987734417,NA,1319989.1725195313,NA,3500053.4314466123,1436209.0677949213,3122678.3337285095,1793038.167921878,4820042.554403144,NA,NA,NA,NA,NA,NA,621267.473278909,NA,NA,1455911.9810302758,2617025.3181054653,NA,NA,NA,1457874.6324820316,NA,NA,3555992.3283599257,NA,5256698.0468437495,4710735.513039063,4941484.5222170735,NA,NA,3553631.345411002,NA,5921704.751187491,6923291.231549118,4316670.968945312,2096914.0430729238,5636117.470283838,7292447.915178305,10180387.204021877,NA,NA,NA,NA,NA,NA,NA,NA,NA,2324360.7188085965,2472343.3575660493,NA,1735058.3310960473,6072662.559842444,5747147.822109372,NA,NA,2649225.2135937517,NA,NA,3535431.7560949475,2644201.8274902343,1303084.3056054653,NA,NA,4159933.4183171866,4129773.8479382256,1713340.9075897564,NA,1536935.9494273926,NA,NA,8011167.68380441,2136757.2966468725,NA,NA,2405986.0219000005,950992.6932779938,NA,763761.4975538175,809783.8255094844,NA,6064956.437552084,2901968.2687499984,1949963.7595807337,NA,1371514.3207265604,NA,5493165.299375014,NA,NA,NA,1975621.4533426345,NA,NA
M303T85_NEG,302.74643232859415,84.83799743652344,NA,2010135.8285075028,1937391.9907352661,2280668.1780677116,NA,2510660.3956562495,2724199.597853645,NA,NA,1896401.0035556913,2292018.310266128,1724043.4976149977,NA,NA,NA,NA,NA,NA,NA,NA,NA,NA,2823184.1108837198,NA,NA,NA,2336953.3060947536,NA,NA,NA,NA,2901476.1250218735,NA,NA,NA,NA,916223.6668715612,NA,2430844.399091852,732440.8863031251,2072753.708115234,914609.6170765626,NA,NA,1835991.7979286488,NA,NA,NA,NA,NA,NA,2042323.5006625007,816661.902591017,NA,NA,3754985.935661453,NA,1435232.1491374986,NA,NA,NA,NA,1140201.696868283,NA,NA,1557591.050279948,NA,NA,NA,NA,4048940.29627083,2078518.8716062491,NA,NA,NA,NA,NA,NA,NA,NA,NA,NA,NA,NA,NA,1641977.4216053383,NA,NA,NA,NA,NA,NA,NA,3675509.1802601526,NA,NA,NA,NA,3197501.75598298,NA,NA,1921581.7877859354,2932813.269466666,NA,NA,NA,NA,804368.4161291571,NA,NA,NA,NA,2169911.2123602554,NA,NA,NA,NA,NA,NA,3505735.235161278,NA,NA,3271091.9719999996,NA,NA,NA,NA,NA,1004196.727678592,NA,NA
M305T85_NEG,304.7435320138043,84.83799743652344,1384074.6410585926,1568564.541201954,1699153.6941703109,1276040.8490456278,1630948.6065726564,1756083.5638124985,NA,NA,NA,1621056.1140605456,1403110.4489459351,1180838.6295199983,832566.5223778642,NA,NA,NA,NA,NA,NA,NA,NA,NA,1944872.7309810268,970645.3418001311,NA,NA,1282968.5024998712,NA,NA,NA,497837.49084234383,1627415.864173046,NA,NA,NA,NA,NA,NA,1519576.5808931256,NA,1594980.9186640645,732891.3442312501,NA,NA,1618987.4178277906,728198.198928906,NA,NA,NA,NA,NA,NA,NA,900394.0943421867,NA,2775281.755066073,NA,904352.8422299991,NA,NA,NA,NA,NA,1583735.3408378914,NA,NA,NA,NA,NA,NA,2018253.777264716,NA,NA,NA,NA,416838.7462048434,NA,NA,NA,NA,NA,NA,NA,NA,NA,NA,NA,NA,NA,NA,NA,NA,NA,2492332.9544752603,NA,NA,721297.4994710168,NA,2092143.6572367218,NA,NA,1092726.3470474998,1718426.0537675233,NA,NA,NA,NA,281726.23502558586,NA,NA,NA,NA,1553431.517100587,NA,NA,NA,NA,NA,NA,2611099.9253324536,708460.0997039068,NA,NA,NA,NA,NA,NA,NA,840022.9899288266,1541695.0438728104,NA
M305T603_NEG,305.17623818787,603.23956298828125,3996774.5025999886,4355419.627252606,4182317.938099887,4334016.990205933,3699953.548742213,4284835.92037404,4622960.38855666,7506004.3816148825,9092110.176984372,4889720.636734386,4758283.815359401,5966884.353905041,2795218.433316639,6976497.297037286,NA,13716511.978103723,NA,NA,NA,9991550.65277356,2574167.2264648383,3956560.014189381,7237919.146568775,2994582.6371835936,1920429.3293470966,7518343.25589095,NA,1789244.3254382908,5990688.7073750105,2994860.924179684,NA,3598587.3415781283,2775949.235676265,2884616.3268660256,NA,2425135.9797608894,1169495.9407773407,16919668.568000015,13373096.87563852,NA,4046022.740709132,1582195.2470683719,NA,3421709.9055141155,4585881.137353012,58247754.18102002,NA,NA,3672347.332521303,NA,540511.9095103072,4277972.078311344,NA,3361983.167057475,4067974.7597456914,1565085.794166673,NA,6270234.379423562,2291694.500081252,NA,NA,NA,NA,2208711.9625372807,NA,4354757.31570376,NA,NA,NA,NA,NA,2249541.3727799566,3711588.236342913,3579409.822436487,NA,4708633.681937511,1049542.811291319,NA,NA,NA,NA,NA,2061126.392871094,1690083.1962053587,2580171.325409128,NA,NA,7696898.0905153565,NA,11111094.448441973,NA,10939313.676513718,NA,10236002.507514259,6280850.492253124,NA,3489322.3935937556,2668938.640528256,13857191.544573288,2553918.8344147867,NA,2495033.1243003993,6943592.754785166,2442476.684541012,3320333.9309583567,2600534.9734916515,62941512.50299639,1202821.942089843,NA,5404243.123411585,4998271.778708246,NA,NA,NA,6221515.0921394965,NA,NA,2830986.8511960106,NA,NA,4193272.404015056,3652030.5451451764,1483446.2191962902,1369587.0255043418,2732179.0335117243,NA,NA,NA,2130431.1112109404,3575905.4417135348,4285133.853740117
M307T602_NEG,307.1915175461022,602.486083984375,5493120.289578903,5589855.8401734205,5614460.457701949,5077643.143457806,6362406.274147158,6267591.800682827,6325991.2688157745,13769481.787779896,15143370.118361058,9538705.426388675,10141253.165053913,5930733.925851561,NA,NA,NA,NA,NA,NA,NA,NA,NA,NA,NA,NA,NA,NA,NA,NA,NA,NA,NA,4858453.021988972,NA,NA,NA,NA,2089093.1119574802,19688918.233623326,13335426.794045383,NA,NA,NA,NA,NA,5482368.095213546,86205616.00210534,NA,NA,7436081.883441403,NA,NA,6259239.584331989,NA,NA,NA,NA,NA,NA,NA,NA,6336108.822578139,2979553.760951174,NA,3759785.466989063,NA,NA,NA,6509763.75602613,NA,NA,NA,NA,NA,NA,NA,8014330.727210163,NA,NA,NA,NA,NA,NA,NA,NA,NA,NA,NA,NA,6348122.630885226,13585900.470302256,NA,20626242.010420967,39020532.375647835,18377164.986341182,39371146.66571695,11438298.391132826,5404382.336338909,3548837.792109372,16994363.103791997,NA,NA,NA,NA,NA,NA,10498199.021886474,90171381.75498293,NA,NA,NA,5487245.832712522,NA,NA,NA,NA,1827948.3769433687,1424751.7258300825,NA,NA,NA,NA,NA,NA,NA,9151702.959923394,33639508.76224488,NA,30282639.90281051,2064184.1474058495,20146761.784352425,6404057.782422854
M307T932_NEG,307.22733520754394,931.92791748046875,NA,NA,637130.08755704,NA,NA,528929.8478398393,NA,NA,459460.437131249,500599.02418124594,405728.24045624875,564385.8849703119,NA,NA,369516.2366162113,NA,NA,NA,NA,NA,NA,NA,NA,NA,NA,NA,NA,NA,NA,NA,NA,NA,NA,NA,NA,NA,NA,NA,NA,NA,NA,NA,NA,NA,NA,NA,NA,NA,NA,NA,NA,NA,NA,NA,NA,NA,NA,NA,NA,NA,NA,NA,NA,NA,NA,NA,NA,NA,NA,NA,NA,NA,NA,NA,272272.0251643874,NA,NA,NA,NA,NA,NA,NA,NA,NA,NA,NA,NA,NA,NA,NA,NA,NA,NA,NA,708920.2250539078,NA,1804944.1503103427,NA,NA,NA,NA,NA,NA,NA,NA,NA,NA,NA,NA,NA,NA,NA,NA,347444.90710351535,NA,NA,NA,NA,NA,537184.6814732157,1555257.079186205,NA,NA,NA,NA,NA,NA,704167.6569414085,NA,NA,NA
M308T602_NEG,308.1948397520073,602.48193359375,NA,NA,NA,NA,1271033.4890088479,1201468.425110159,1224660.2220875083,2596634.8463823576,3087465.980329473,952689.8080200895,1162304.9373783031,1020188.8453893238,NA,NA,NA,NA,NA,NA,NA,NA,NA,NA,NA,NA,NA,NA,NA,NA,NA,NA,NA,NA,NA,NA,NA,NA,NA,4413699.801247075,NA,NA,NA,NA,NA,NA,1119371.7403963907,12541767.054196602,NA,NA,1324376.7974482472,NA,NA,1310759.9078320267,NA,NA,NA,NA,NA,NA,NA,502173.1644429256,919160.6021651848,NA,NA,NA,NA,NA,NA,NA,NA,NA,NA,NA,NA,NA,NA,NA,NA,NA,NA,NA,NA,NA,NA,NA,NA,NA,NA,NA,NA,NA,NA,3733838.3810478635,7286323.557698161,3106865.4350475813,4743988.947762687,2023346.9419453114,NA,683312.666099827,3092291.454711914,NA,NA,NA,NA,NA,NA,1171853.6180971684,14881639.25526316,NA,NA,NA,NA,NA,NA,NA,NA,NA,NA,NA,NA,NA,NA,NA,NA,NA,1662113.1690033772,4631599.314328715,NA,NA,465254.8954615227,2821918.311598478,1326014.8649951175
M312T74_NEG,311.9718752206385,73.63370513916016,4275806.051377121,3355986.328478232,NA,4701262.425217972,6006421.7731665475,4170725.2012475063,4500572.85306663,9279682.989117188,7910844.511984142,5613869.609601116,5316453.715691966,5003784.1115042465,6348942.091846237,6332538.940792301,NA,NA,2243496.996364846,NA,3674852.542399552,NA,4453715.905234896,7080432.552840937,5280269.833799992,5258469.914330361,NA,NA,4086908.052882367,9291936.644168891,2411999.7436199985,10218484.934600418,NA,4608684.299537498,5486100.868830422,2786797.172433036,6841283.838522571,4616553.516012499,1156475.8168390626,7618616.8195359465,3559497.3718755245,2765983.117218751,5006749.27871161,6159088.2703443365,NA,4027275.37727666,3965449.464218749,6501135.0754036205,NA,5295736.188201338,6578203.869505075,NA,NA,6142870.512180986,NA,2088082.014579687,3619705.268931026,NA,1915594.9440356244,NA,NA,9557192.847276082,4570356.608981322,7930726.333224226,5613800.821704423,5705013.42442754,4549896.686110414,NA,1511066.2395450007,8874196.894171095,1789452.2493661449,6627703.23808594,7498906.0827578055,3622472.3887,6330206.611750003,NA,7808961.502275,6268825.772477869,5123019.337952932,3893777.692710416,NA,4919958.865822917,2524008.2946898444,2179484.7806861596,4166432.82538252,5728931.356600258,7093232.537741756,5855633.80241719,6288765.7451171875,6842337.139160156,3610371.8261229936,7423931.783868753,8988572.488577168,8096196.924756642,3997685.526969924,6318627.202387927,6465399.879659424,NA,NA,NA,2235242.590359064,3380880.964469603,6949719.720569616,6632337.598696354,NA,6339397.28787291,10401281.378117314,2495976.3670910737,7163603.760456153,2648062.688935547,7296725.521971877,9700260.872416452,3358033.667435494,3313964.096019644,1360385.445991093,3880830.1077026743,NA,2248579.3851734404,7940828.315368302,6813083.99873438,1162211.2988786723,4310635.109967383,3839873.257314733,NA,3397492.0639340663,NA,9690909.667293742,8357860.1649550805,NA,NA,NA,9525055.295672745,8947005.014187504
M316T521_NEG,316.08255233656246,521.48583984375,NA,390509.3376713136,422969.24060625216,NA,NA,NA,301210.8004898443,NA,NA,362027.4871523429,375038.0485546872,412507.0676043523,NA,NA,NA,NA,NA,NA,NA,NA,NA,NA,NA,NA,NA,NA,NA,NA,NA,NA,NA,NA,NA,NA,NA,NA,NA,2130057.8068402843,NA,NA,NA,NA,NA,NA,NA,NA,NA,NA,NA,NA,NA,NA,NA,NA,NA,NA,NA,NA,NA,NA,NA,NA,NA,176918.0157910142,NA,NA,NA,NA,NA,NA,NA,NA,NA,NA,NA,656581.9401044882,NA,NA,NA,NA,NA,NA,NA,NA,219228.10449999658,NA,NA,NA,NA,NA,NA,514098.0801766143,6046550.003559374,NA,5147344.237007811,NA,NA,NA,NA,NA,NA,NA,NA,NA,NA,NA,NA,NA,NA,NA,17186528.210640643,NA,NA,NA,NA,NA,NA,NA,NA,NA,NA,NA,NA,NA,NA,742797.4417747373,NA,NA,NA,1818380.2585488304,943052.9371205376
M319T85_NEG,318.7202744006664,84.97802734375,975154.3271224992,1155441.104203439,1015163.2815703115,NA,NA,NA,897714.6916500009,NA,NA,906787.5030134369,801484.1109835925,733845.811607499,NA,NA,NA,NA,NA,NA,NA,NA,NA,NA,NA,NA,NA,NA,971537.0565412943,NA,NA,NA,NA,1408205.705676562,NA,NA,NA,NA,NA,NA,701181.5219250004,NA,NA,NA,NA,NA,2992547.4052885463,NA,NA,NA,NA,NA,NA,1190919.9050031253,NA,NA,NA,992828.2272567179,NA,NA,NA,NA,NA,NA,502938.294511407,2287087.4060969246,NA,NA,NA,NA,NA,NA,NA,775282.4297128133,NA,NA,NA,NA,NA,NA,NA,NA,NA,NA,NA,NA,NA,NA,NA,NA,NA,NA,NA,NA,NA,1749200.4463582567,NA,NA,NA,NA,1238940.9475506528,NA,NA,NA,2428442.398866666,NA,NA,NA,NA,NA,NA,NA,NA,NA,1082594.4535437513,NA,NA,NA,NA,NA,NA,1980609.4028378937,NA,NA,NA,NA,NA,NA,NA,NA,675274.6233411707,2204853.2082882817,NA
M321T566_NEG,321.1705891132891,566.0475158691406,14828979.339002602,11925033.471350336,13835228.588745087,12432216.903031792,11898280.90542189,15688919.168207288,12482279.405166727,6772362.686267607,6591692.128822659,15223167.251975456,16029934.726641603,24270101.12444074,14454579.579315124,18205272.4064062,16470905.138795527,65104221.76440859,13061586.365625028,19093864.737650312,21862266.870390646,2794585.196189295,10246163.232033677,13239054.118279545,14144567.25930382,18580608.25587271,7786337.162215305,45619833.99482933,32764915.927497357,10930748.364230955,42365196.97698677,12628059.970888412,15986968.848094195,14340106.254005827,18687676.047539048,7171027.213784922,7652655.8612273,9056589.79800782,2286152.1649765526,13860347.602499994,16041175.601713315,2981102.996928581,7088290.300241052,5531516.837355323,13346156.878541643,10211178.376149785,NA,14678931.296433164,NA,3071345.685714151,23478241.131749827,6259689.5168671915,11058225.862451183,22737564.66875885,5981020.422853996,17798287.192871116,9066766.025370639,7389318.876938452,98878279.57655647,6889177.895624994,31442408.250053618,55490987.35044593,47321357.534066804,5052274.712486231,40132613.53550918,10934291.429576844,6480495.726525024,5480069.085442431,1626846.232559325,27055770.31597374,2392593.360773615,9744186.568080055,14884380.895057257,31364432.917842478,6880640.873785888,60413861.359906204,10093869.924322262,12928327.768037474,2369248.526206051,3941049.07855198,9903154.523647904,13032711.766089775,2527879.75996583,15738795.057640648,9720988.072595933,6298527.0137460865,4045604.2110141627,5532255.471170445,16949793.12319473,13144359.435893625,1538132.3196477832,5538420.283744819,21634123.12985023,23789011.992068626,27693659.756180935,29328452.050800204,9359160.485285733,18694933.60642579,6661959.728046535,7066572.858651003,9677696.94575027,22766489.444663722,17539467.77507034,36153131.147781074,16606928.546677109,2499579.4145637457,14172098.124060337,7586720.993818379,26750577.44606008,5257802.631046014,20865761.922290392,10427699.154837893,NA,23396006.0362838,14515956.877504317,3974504.5630006157,4351042.887220768,3455087.2437243997,3194038.4960468686,28794641.122228358,18271685.311649624,41883712.558488175,30512777.274257787,NA,8966172.75919925,2470233.2374409772,17025000.591897283,7022102.060660186,NA,22983472.146309134,11184399.794761922,10198828.142999955,8440487.573557274
M343T658_NEG,343.11799286511706,658.145263671875,NA,19399886.60417641,19925599.265817955,NA,21795235.731957354,23125872.125230666,24378622.51952188,NA,NA,NA,19877688.412646387,24270330.56683935,18966455.19888615,NA,10439771.172784328,NA,NA,NA,82654198.3559099,NA,14014889.275084253,NA,NA,39781791.62757231,4137487.11384509,NA,NA,NA,NA,11365863.853978628,NA,NA,NA,16377092.527200706,7169871.68577481,25454256.77132472,NA,NA,NA,NA,NA,NA,15537184.31994613,15014137.602154143,NA,NA,NA,NA,NA,NA,NA,NA,12811280.29725635,NA,NA,NA,NA,6358309.294158074,NA,27482773.36006468,NA,NA,NA,NA,NA,8062811.071604729,NA,NA,NA,25208703.250496987,14588505.411564799,17469445.002356537,9505020.53479053,NA,NA,NA,24448380.06221281,73315261.611306,NA,NA,NA,NA,27299840.741913643,64299361.09942499,41414720.19103922,14742192.307042284,6341060.43578652,NA,6878084.759285725,7004023.830622092,22012221.458786007,1747518.7515410106,NA,NA,NA,NA,NA,3080887.84822787,NA,NA,91149982.99105395,14620439.92861713,15870254.245702384,9573137.542082794,72521088.92103787,NA,NA,4075074.5205991133,86642118.13532081,18914376.54640619,NA,NA,13942131.486382246,NA,NA,NA,NA,NA,NA,NA,29501391.846138824,NA,NA,NA,NA,NA,NA,NA,3282417.2120575486,NA,NA
M349T86_NEG,349.0734753037043,85.84858322143555,NA,1237263.5605937506,910339.2402468746,1143455.951483398,1175436.2427263665,1021961.3832156258,NA,NA,NA,1068006.414160781,NA,NA,NA,NA,NA,NA,641833.1254059372,NA,NA,NA,2625325.721619494,884315.7981705725,NA,NA,NA,NA,NA,NA,NA,NA,NA,NA,1047428.1161654682,NA,NA,665815.0501634483,3636525.1802642583,NA,NA,NA,NA,2059311.3525794283,NA,438306.18483773444,NA,NA,NA,NA,NA,NA,NA,NA,NA,NA,NA,NA,NA,NA,677219.3665834826,NA,NA,NA,NA,NA,NA,NA,NA,NA,NA,NA,NA,1454458.1124497377,NA,834777.2036365519,NA,NA,923959.049221338,995855.9725595452,NA,NA,NA,NA,NA,NA,NA,NA,NA,NA,1178752.9635011717,NA,NA,580355.277676563,NA,NA,1555323.6384190978,NA,972937.7505310548,886582.1141395088,NA,NA,NA,491697.7203136163,NA,NA,NA,346160.520744466,NA,NA,NA,NA,NA,NA,NA,NA,3003091.13606963,NA,NA,NA,NA,NA,NA,NA,NA,3919402.5540533173,NA,NA,NA,NA,NA,NA,NA
M349T633_NEG,349.20242922076807,632.94195556640625,4075398.75692409,5429743.38648653,3578705.490085241,NA,4034846.580480974,4066660.712826721,4098738.5050624884,NA,NA,NA,5575385.164594368,3712466.557447947,3154509.6497956663,6447982.718585071,NA,10517745.94028273,7248465.98634442,11310186.129882812,NA,NA,8235020.8064450435,NA,8208588.15776063,NA,NA,17981998.83149021,12369274.328835227,NA,11547524.363704836,8470558.239302615,NA,NA,10815168.111181641,4731650.744535593,NA,NA,NA,NA,NA,3382597.1099396017,NA,NA,NA,6475815.742138005,6221678.89255423,4887385.018291019,NA,2113820.561292607,3221384.756550493,NA,802610.2821322379,NA,NA,7394658.064060273,NA,11444301.511410935,10800246.198466357,NA,9230694.023454627,17579412.11444173,NA,NA,NA,9786048.96197595,7354426.436435894,NA,NA,NA,NA,NA,NA,NA,NA,17278747.634595912,5207734.569921021,16519833.388709262,NA,NA,13416615.55088675,NA,NA,NA,2550954.6051355684,NA,NA,NA,NA,17128910.709231067,NA,NA,NA,NA,NA,NA,3341583.481501955,7153787.890660532,2815299.246757969,NA,NA,6687448.061808624,NA,NA,NA,NA,35708412.02098838,NA,6359690.078425603,NA,3130628.256688793,NA,5469126.657749991,24318940.743105005,NA,NA,NA,NA,NA,17834551.506208967,NA,6436627.721732111,NA,7227921.829781259,1820570.8523560057,NA,4652003.763373322,4252650.472054684,NA,3198479.0558984415,NA,1421847.6836484445,NA
M355T634_NEG,355.1186439917168,634.18829345703125,1815200.8699999999,1828250.7386680718,1905266.4989941432,1704984.9647519558,1839402.858986822,2014953.748546883,2272258.174508992,NA,NA,1957207.5356267444,1932531.0676581988,1865348.41102491,NA,NA,NA,13858753.252960915,NA,NA,3187464.4344238294,NA,NA,NA,NA,2000256.5819414025,NA,7064517.722314499,NA,NA,5568988.184828117,NA,NA,NA,2889266.6197382784,NA,NA,NA,NA,791212.3032656179,NA,NA,NA,NA,NA,3906524.601562497,4210228.15258123,NA,NA,NA,NA,NA,NA,NA,NA,NA,NA,NA,6408600.809871074,NA,9217138.298156276,9317858.91139161,NA,NA,NA,NA,NA,NA,NA,NA,NA,NA,NA,NA,4061962.0618776786,NA,NA,NA,NA,NA,5292666.563125985,NA,NA,NA,NA,NA,NA,NA,NA,NA,NA,NA,NA,8133640.117269196,NA,NA,NA,NA,NA,NA,NA,NA,NA,NA,NA,NA,NA,NA,972253.8522857123,NA,NA,NA,5075521.186914071,20774510.52379011,NA,NA,NA,NA,NA,13735814.527921911,7152329.342877612,NA,NA,12153024.03194041,NA,NA,NA,NA,NA,3067283.100842757,NA,NA,NA
M361T620_NEG,361.20232306353,619.65252685546875,1944212.4875808612,2107709.469065291,1996301.8760976458,3058922.2356592575,2148893.5598295373,2795629.8388752663,2405797.9138195976,NA,NA,2872548.341250005,2592035.82312054,2552360.83604567,4072286.729270827,3023983.976512368,NA,6024764.271030474,4677836.373062482,2096035.715418312,NA,NA,1276237.8651111058,1687932.6590953113,1042622.561320314,NA,NA,5943428.058368252,NA,NA,3827025.0358593534,1873419.085052553,2795282.690882648,1567468.5061889682,1919155.0946578102,NA,NA,1792890.9694340888,NA,2204893.2404236123,2025946.8529262682,NA,NA,NA,4380306.334287485,3768666.8210052405,5366849.038372712,NA,NA,NA,3201174.116198436,NA,2059069.1480036362,4729260.052319372,1338000.8498217734,NA,2328477.2860234436,1324306.0205320325,18571335.50438749,NA,2303406.120314727,7766695.560986317,4119995.5483183595,1258202.3274335982,NA,NA,NA,NA,NA,2570796.017004686,NA,1246713.0628431037,NA,3415249.2727553993,1698784.119628716,4902601.755640906,1921589.7636914083,NA,NA,NA,NA,1159750.671256576,NA,1850684.228222356,NA,1238777.814975005,NA,NA,NA,NA,NA,1737177.2611374948,NA,2275895.7221352016,2704638.8315501637,2662570.5757762333,1785147.6399860508,3802916.857234818,NA,1385783.3462685598,1614627.9589617187,NA,NA,3911854.521704334,2201977.059191897,688068.9386857685,NA,1144255.2729133677,4162848.561453342,NA,NA,3406696.4057580666,NA,NA,NA,NA,NA,NA,285700.74050976743,4561345.391423436,1476540.6175637378,5013186.096094758,4111042.9415772054,NA,1586935.5668281293,NA,1962966.3531115,NA,NA,2105542.4782519415,2519401.984261582,1701269.2777236346,877602.1483984402
M373T525_NEG,373.12906056454204,525.4734802246094,10341458.000733979,10925823.117101539,10670548.440430736,NA,9879632.055310432,11120708.812379675,10746771.841380214,NA,NA,NA,9579320.511007767,10123438.011499066,NA,NA,NA,NA,NA,NA,NA,NA,NA,NA,9544066.011271883,NA,NA,NA,NA,NA,NA,NA,NA,5446661.172802725,NA,NA,NA,NA,NA,15366188.121213445,5889685.740198543,NA,NA,6534568.642123846,NA,NA,NA,6188801.380152365,NA,2364078.306933587,NA,NA,1180662.696361229,NA,NA,NA,NA,6613446.41513356,NA,NA,NA,NA,NA,NA,6333550.432848198,11439738.055423182,13086578.047610292,NA,NA,NA,NA,NA,NA,13420847.328029849,NA,NA,NA,10943046.240995564,NA,NA,NA,NA,NA,NA,3126898.1068463596,NA,NA,NA,NA,NA,NA,3522738.886388403,NA,NA,NA,NA,10099045.1637552,22492495.72175772,NA,6463392.503336811,NA,NA,NA,NA,NA,2128818.367419422,NA,NA,4795079.100623468,1412142.8148187392,NA,13034888.052754039,21009808.60842455,NA,NA,NA,NA,NA,NA,NA,NA,NA,NA,NA,6813328.576275014,NA,5353214.50508436,8564653.517361766,NA,4916380.73703126,NA,NA,NA
M377T110_NEG,377.1453846839495,109.57024765014648,NA,NA,920111.9843093747,NA,1045744.7796210939,1416652.8077582028,1300588.3097008928,NA,NA,1084738.5986692715,1380466.1130117183,1397758.3854609388,NA,NA,NA,NA,NA,NA,NA,NA,NA,NA,582506.8555620661,NA,NA,NA,NA,NA,NA,NA,NA,NA,NA,NA,NA,NA,NA,NA,NA,NA,NA,NA,NA,NA,NA,NA,NA,NA,NA,NA,NA,NA,NA,NA,NA,NA,NA,NA,NA,NA,NA,NA,NA,NA,NA,NA,NA,NA,NA,NA,NA,NA,NA,NA,NA,NA,NA,NA,NA,NA,NA,NA,NA,NA,NA,NA,NA,NA,NA,NA,NA,NA,NA,NA,NA,1329120.2089648447,NA,NA,NA,NA,693294.3238158483,NA,NA,NA,20092015.00780956,NA,1094799.216406251,NA,NA,NA,10331204.563210232,NA,NA,NA,NA,NA,NA,NA,1687010.0709517042,NA,481719.7553560272,NA,NA,NA,1161158.145298828,NA,NA,NA,NA,NA,NA
M379T85_NEG,379.08410014386124,84.76918029785156,2277389.110055555,2441201.217637502,2126001.9057449778,2388055.3424531254,2581715.4844193365,2528917.558395227,2574181.3890305543,3847417.3183338284,3334182.614235937,2756431.200743026,2540961.734289064,2478967.8754684003,4007686.1428984376,NA,NA,NA,NA,NA,NA,NA,4591228.090246483,NA,NA,NA,NA,NA,14065901.640244378,NA,NA,NA,10786914.855996685,NA,1838521.2772382793,NA,1576037.847030815,1467191.0074428713,4657837.729387498,NA,23149662.06478688,9065325.769646246,12757014.666703131,NA,NA,NA,NA,2167260.65004653,NA,1839188.4545111605,NA,1026956.2458806925,NA,812139.6822877236,2815476.855411669,8403918.521377075,NA,3740672.7357360944,NA,NA,NA,NA,878236.0675960947,NA,4639466.445184375,2690380.34282742,NA,NA,NA,859340.0123612483,NA,1697411.4244367168,NA,NA,NA,NA,NA,NA,1400930.349977539,NA,NA,NA,1029089.3763808591,NA,3349092.1330070305,NA,1473972.3677044432,NA,2668585.258126564,NA,4013213.9062118293,NA,NA,NA,NA,2895473.602083787,NA,NA,1987664.3710107962,1068933.3332399563,2533855.9044912113,NA,NA,NA,NA,NA,1437687.3162342173,NA,NA,924963.3374449997,NA,NA,NA,NA,NA,NA,2949092.08984375,NA,NA,NA,NA,NA,NA,NA,983693.0529790722,NA,1481283.143828125,NA,NA,NA,655932.7406475008,NA,NA
M387T537_NEG,387.1084581710063,536.98895263671875,1950924.317945313,2663963.683430661,2370038.397530761,2679243.8478647326,2887073.680912945,2882369.3937812587,2779324.209735078,NA,1846691.3830244232,3969069.090986555,2997827.5924537648,3607483.327360934,NA,1265907.6963749996,NA,15954477.635371087,6449516.420607409,NA,11704482.722810118,NA,2978648.650911225,NA,4391866.734486331,5457330.782147624,NA,3116363.001964524,2528043.211797845,1882626.2854302928,6583834.039113941,NA,2641205.2890796917,4295807.521182713,5485883.088286807,NA,568979.4895837662,NA,1257832.3311914105,6132392.782230032,3352905.70321875,2352238.3921980723,3641424.018892259,4679777.709523428,NA,1486154.248125001,3167324.0791384038,3635780.7192968656,NA,NA,2297212.5325709176,NA,NA,1780486.8994999966,NA,NA,NA,3524248.0491649285,7100563.865298595,NA,NA,5674917.562164735,NA,456755.0272256923,NA,5545081.3799750805,3900395.914356043,NA,NA,NA,NA,3795769.761076703,2192797.7094212756,4825540.645875012,NA,NA,2846183.3413046766,NA,NA,NA,NA,1604398.7851432278,208673.20632812372,1817170.7100748671,1670964.6577361885,NA,910111.704788178,NA,673461.4775628911,NA,NA,3008075.506406254,NA,NA,NA,1854620.825149551,4916721.27975,NA,NA,3371534.9478523335,2611569.0410231818,5405112.721826706,4623220.4980447525,2236318.6985888598,2983006.6088656974,1246487.6082646456,NA,NA,2404903.1553750066,960647.3604648418,4083029.648491478,NA,3296859.454942295,NA,NA,484533.0952968724,351959.7734622406,NA,347766.49474902323,NA,6145010.781824936,5612839.74263346,2608916.769824226,NA,2753528.23249098,645754.9837552055,3627931.263368962,4597851.851572928,NA,3289791.9585228395,NA,2513841.143000756,NA
M388T538_NEG,388.1117163341148,537.8078308105469,NA,572188.0920930727,463651.2488180782,417150.3606416013,NA,381670.3345133955,NA,242292.04277075134,NA,NA,509026.08773047285,NA,NA,NA,444290.12281250086,NA,898185.6015234381,NA,2696321.339185269,NA,NA,NA,471218.04804575554,NA,NA,NA,NA,NA,NA,NA,NA,NA,NA,NA,NA,NA,231558.76835630697,NA,NA,259150.4317968765,NA,837301.3982226553,243878.85081473118,NA,NA,NA,NA,NA,286397.3385273449,NA,NA,NA,NA,NA,NA,424080.7547094704,NA,NA,NA,NA,NA,NA,NA,887894.388013023,440626.7827790183,NA,NA,NA,NA,NA,188462.10460709545,NA,NA,542253.8002499967,NA,NA,NA,NA,NA,NA,NA,NA,NA,NA,NA,NA,97239.75869961048,NA,NA,415230.1543066395,NA,NA,NA,NA,NA,NA,NA,310812.921958985,511424.75594424893,NA,NA,261019.64174999885,NA,NA,NA,NA,NA,NA,872469.1305277967,NA,NA,NA,NA,NA,NA,NA,NA,NA,NA,NA,586982.214136596,NA,NA,NA,NA,925859.3334155697,NA,486402.29222959897,NA,342709.3384472662,NA
M392T716_NEG,392.20757942549494,716.44671630859375,830454.0814012263,NA,669360.794142852,888535.9139296896,650991.4833565864,601705.4032778995,769230.5164542448,NA,NA,NA,NA,NA,NA,NA,NA,NA,NA,NA,NA,NA,NA,NA,NA,NA,NA,NA,NA,NA,1754698.4419145475,NA,NA,NA,7702287.936921887,NA,NA,NA,NA,NA,NA,NA,NA,NA,NA,NA,NA,NA,NA,NA,NA,NA,NA,NA,NA,NA,NA,NA,8795298.891757173,NA,4443031.260844668,NA,239548.70554101534,NA,NA,NA,NA,NA,NA,NA,NA,NA,NA,NA,NA,NA,NA,NA,NA,NA,NA,NA,NA,NA,NA,NA,NA,NA,NA,NA,NA,NA,NA,NA,NA,NA,NA,NA,NA,NA,NA,NA,NA,NA,NA,NA,NA,NA,NA,NA,NA,NA,NA,8634437.838286832,NA,NA,NA,NA,NA,635768.8041155149,NA,NA,NA,NA,NA,NA,NA,NA,NA,NA,NA,NA,NA
M393T536_NEG,393.2281369837809,536.29998779296875,4011780.1021367013,4035699.927559991,3785402.368039068,3685523.2920460855,4300274.354320314,4255993.450031263,4897802.68064371,2060839.149811518,NA,NA,4205478.26324609,3769130.591187518,NA,NA,NA,23292466.489707354,6409436.56014844,15396509.013593744,NA,NA,NA,NA,NA,NA,NA,25795993.333889518,4287412.4643369345,NA,19379728.043280624,2692157.8037168193,NA,NA,4684362.405920312,NA,NA,NA,2526774.3424827955,5000916.805959392,2964945.2928234353,NA,NA,NA,7933021.737534177,6991780.473514032,5745074.48601952,5457092.198201157,NA,NA,NA,NA,NA,NA,2521909.162181631,NA,NA,NA,48633791.6117309,1716384.4143718726,15088571.358897906,27026377.35654689,NA,NA,NA,3029374.943871098,NA,NA,NA,5288246.18440468,NA,NA,NA,6113076.808316739,7148726.724137626,9169223.073346905,1810821.9653124886,3854030.6592614395,NA,NA,2738152.435721382,NA,NA,NA,1748259.7015195314,1155907.5543671956,NA,NA,NA,NA,NA,2589569.0063064573,NA,NA,3934407.1638828083,NA,2305872.1225286475,4851673.404225771,NA,1719436.9980367108,1599664.7132640579,NA,NA,2650285.504259753,4274704.716747068,1647715.4943356945,3747041.176328121,NA,9849489.309541672,NA,NA,4584482.661364439,2632041.941695305,6666553.591746072,NA,NA,NA,819669.9083276917,NA,32841354.44416677,3021669.2587718866,5573711.071578114,NA,NA,NA,1053878.161470709,2483849.101271474,1443100.9870341765,NA,4854740.876050752,1090193.376835934,2724674.4443632867,627979.5496607102
M401T108_NEG,401.10826431458986,108.4295883178711,2017032.4075488287,1135234.0577500002,NA,NA,1517426.454200195,2172797.614041193,NA,1338569.2261439736,NA,NA,1951149.7725039066,2258999.6024304684,NA,NA,NA,NA,6275356.019243051,NA,NA,NA,1222563.7897446288,NA,NA,2123287.04713125,NA,4613976.443949219,NA,NA,NA,NA,1380903.56574219,NA,4442213.377113282,4622234.971638673,NA,NA,NA,1422218.2786171879,NA,NA,NA,NA,NA,1699225.4044804666,NA,NA,NA,NA,853050.7318697913,NA,NA,433884.7000390621,NA,NA,1232358.0937918536,NA,4313489.825951703,NA,NA,5930880.423840909,NA,NA,NA,NA,NA,1810434.3821582033,NA,567932.88475,NA,NA,NA,NA,NA,NA,NA,NA,NA,NA,NA,NA,588322.6018313792,1862289.0705249982,NA,NA,NA,NA,820323.306616072,NA,NA,NA,NA,NA,NA,1013549.193384766,NA,2112531.4393828134,NA,NA,NA,5309328.028469444,NA,NA,NA,NA,NA,NA,803172.7503482151,578466.6371914058,1668468.9087120532,NA,NA,NA,NA,NA,NA,NA,NA,NA,3192704.560453124,NA,450851.2169966522,2354406.9228125014,NA,NA,NA,1104795.4917708323,NA,NA,644811.7561113273,769289.4087812513,NA
M401T619_NEG,401.2332506803293,619.49761962890625,2503581.924394331,3830344.0980798476,3891410.8837270797,3234247.400972658,3716961.4426187426,2851242.2482499923,2854669.467502353,2929768.2451599734,2212103.281498703,3479464.7972669327,3418563.6040846794,3519981.102626649,NA,2551607.0216415315,NA,8824620.889721513,NA,NA,5620571.88990896,NA,NA,NA,NA,NA,NA,6412451.896280705,NA,825302.0128125037,NA,2730865.3538486403,1694049.7210742119,NA,NA,NA,NA,NA,NA,3927597.181987504,NA,NA,NA,NA,2188404.7257756656,NA,NA,3644481.006164456,NA,NA,NA,NA,NA,6483017.604426653,NA,2234132.0022741463,4899856.923656269,NA,7223835.719757417,1068499.6759884509,5402064.128391925,7066397.80019028,5761260.287964836,NA,3826748.650401368,NA,NA,NA,NA,3668337.8560156273,NA,NA,NA,2274009.6928828205,2409836.03241645,3344190.6657828004,NA,1872181.763299804,NA,NA,NA,NA,NA,NA,1486260.4197336868,NA,NA,NA,NA,NA,NA,NA,NA,3699141.1432562987,9811922.640549986,6292069.9218388805,3886865.6304919682,3528919.3551302985,NA,NA,NA,NA,NA,NA,2692039.1405555485,NA,NA,2164323.0520210853,4762425.307053117,1043500.4419440135,3121539.340691416,9420773.872405535,30688109.97038499,2863870.960095204,NA,NA,NA,380919.2004464297,NA,NA,2910771.491761369,6572221.997327278,4134571.7217809935,7372238.507384174,1599599.8241152333,NA,5811424.664449454,2342603.4667089796,NA,1874964.6146503934,NA,4705978.235735798,NA
M401T670_NEG,401.23333551950384,669.59173583984375,2836970.464857139,3973699.6625906187,2989226.058307093,3924784.7137722974,2350329.355727428,5037464.397584092,4517230.779241757,2913855.873779294,2768118.1974277426,4036692.8890310507,3788504.7535056286,4831697.192368869,NA,NA,NA,12667196.634429622,NA,NA,6967904.796989131,NA,NA,NA,NA,10825369.489893414,NA,17352741.610937506,NA,NA,16699599.674312277,1410780.467569441,NA,NA,NA,NA,NA,NA,NA,4532488.598075124,1930133.4689179827,NA,NA,NA,NA,NA,6200251.104099008,4902301.736346101,NA,NA,NA,NA,NA,11976604.210864965,NA,833278.6835013013,4707359.767423367,NA,8489415.891323932,NA,2229967.6097148545,8617605.761922749,5327468.588907453,NA,2394672.9945664033,NA,NA,NA,NA,4332632.652107196,NA,NA,NA,NA,5373189.560672243,5575519.486341169,NA,NA,NA,NA,NA,NA,NA,2622897.8498691465,NA,NA,NA,NA,NA,NA,NA,NA,NA,8147665.752720699,5845882.839433594,4710819.290806804,2822530.538241545,1762354.0304277323,997779.690343506,NA,1366546.3911793393,5054734.027267143,NA,2434338.587967417,NA,NA,1397498.8135937597,NA,8811068.796689587,NA,3609941.4955371097,6209281.221508609,14422638.982125001,NA,NA,NA,NA,NA,NA,5937246.158527658,3069972.1257876633,5125189.004608156,4430057.950866257,5993399.362625013,1912385.375906494,NA,7124766.879942531,3869237.9877018197,NA,3396612.314902351,NA,8393205.02674764,2997163.3748797905
M407T543_NEG,407.2076163228642,542.720458984375,3098759.862931636,4670846.809643226,2866103.8975817394,3899756.4928224487,2939883.592734371,3205250.049890626,2937587.3448011256,NA,NA,3445366.493479878,3098149.228240061,2727867.6182187377,NA,426119.55955078534,NA,11731975.189593758,3959969.894812507,13212298.870738642,9141703.476937482,NA,NA,3107146.886109374,NA,5088031.3972359365,NA,44403198.672266774,NA,NA,18198629.221052635,NA,NA,NA,3255518.390062491,4832921.075347916,NA,2258819.08549427,4558956.955118065,3992672.445645941,NA,NA,NA,NA,NA,12392232.10997267,7532807.675098739,2854743.65681164,NA,NA,4188610.1369226626,NA,NA,17464435.064268727,1504113.901113271,NA,3678187.0301506724,NA,23940473.120815147,NA,NA,19767948.435480777,5403548.042187486,NA,NA,2335665.1374562588,NA,NA,NA,2808345.3848434314,NA,2932444.8161527007,NA,6315555.976639998,5457559.136760963,6855540.798014777,NA,3574968.6445429814,NA,NA,NA,NA,NA,2708696.20508639,NA,NA,NA,NA,NA,NA,NA,2701957.155985437,NA,8594960.592496863,4762039.157628666,15668172.883377727,2106321.668585454,NA,NA,2112745.1659257747,1253302.9155208336,NA,NA,NA,3606975.234562498,1539846.7551932037,NA,1159188.9406241865,15563130.97177346,NA,NA,3026788.4724046984,NA,NA,NA,NA,924316.0147812526,NA,NA,18280982.92580347,4918168.094343729,3863780.5743468637,NA,4144703.5070829256,2561113.9165748786,NA,8181611.997982919,1088322.8448081543,NA,4519080.529175558,1148461.962002657,3910178.21532813,NA
M417T527_NEG,417.1191906467059,526.63726806640625,NA,3234679.549087494,2749802.47165157,3149913.98629557,3350147.3507812354,NA,3907615.930440536,1267747.3868429707,1288920.18912382,4222766.849931165,NA,3407683.792471878,1898686.5767187446,2053523.8498398387,NA,NA,5137941.961384365,NA,10094571.459740223,NA,NA,NA,4220398.1348304255,6933403.81891405,NA,NA,3783057.5029620496,NA,4261034.0844050525,NA,3267307.517302812,3275033.1687949295,6034081.666112529,1794640.2784242178,NA,1619751.0562318368,NA,4126820.560121884,3273201.4583854894,NA,NA,3342191.0711414167,1433254.5346513665,NA,NA,NA,NA,NA,NA,NA,NA,NA,1808049.665188058,1492131.8585901891,NA,NA,NA,423764.3670883108,NA,6629904.869285129,NA,NA,2755644.20644502,NA,NA,NA,NA,NA,NA,2708031.366789999,1298220.9573867226,NA,847972.7216442329,NA,NA,6833885.804684312,548671.226054612,NA,NA,2120997.1781402556,NA,NA,NA,NA,852608.4670980051,NA,489575.638414453,NA,867753.5832812508,1583179.8813187534,1225734.125172766,NA,NA,NA,6129364.543861562,NA,NA,NA,NA,9694687.50601137,2786702.5399387893,NA,2623608.6977725546,1061549.5627276106,4889703.708440106,NA,NA,NA,NA,3476424.519175774,NA,NA,NA,NA,NA,NA,NA,NA,3810212.9851532388,4279414.235673555,3698418.7357734363,NA,NA,NA,3723242.4353515655,NA,NA,NA,NA,NA,NA
M459T486_NEG,459.223032224461,486.12049865722656,1123727.6241210955,1462549.3840335938,1392922.7498060537,1321860.9935092344,1223863.4448477782,1274452.4467558619,1360784.386701925,2932031.541961284,2716017.434350859,NA,NA,985637.810362848,NA,1670805.7244218718,4893122.8066811,2648355.765877597,NA,2710817.6945781275,2934439.7856160705,793261.3432851564,1077143.5295156243,1194511.0061879866,1054360.2047480487,2958796.6500961743,NA,1154913.0670546887,1169439.0941577556,2196766.0135083008,2808872.9369930965,1717912.369401226,2334974.2142945076,906009.4999242199,3802613.168670203,2131910.2307745614,326212.600650669,1558943.9801021474,276066.09867968765,NA,600878.2068007822,216908.6482234377,1575554.7877038007,2079426.4983593752,NA,2210147.835756748,562909.5744609365,625229.4682187501,NA,495263.28002343746,330955.1726562507,NA,NA,284870.8555058599,307382.2124641931,485842.32396419346,829800.6426215823,823145.950042968,580066.4414817694,1067929.579535481,2752353.5158806792,1659854.7591562513,NA,NA,1636920.4738085878,1009011.0253124954,1793739.755843751,1473329.0209218771,140820.47719453124,NA,NA,642189.9565722662,342673.9250708,1191087.7211491715,1657315.0458333336,1861910.7934166691,2322610.712137068,1910504.0329982655,NA,NA,NA,434779.5355080937,NA,1622174.5260751946,909388.6189453129,301289.9307929696,165378.47653750022,NA,NA,4572545.626977282,NA,NA,NA,NA,NA,NA,NA,NA,NA,NA,NA,2325751.967306919,1194359.4636093741,556890.4115624984,197928.4650963542,NA,NA,1346761.6661818142,NA,NA,NA,NA,NA,6802668.628968751,NA,NA,NA,NA,NA,NA,NA,1106934.6513204155,NA,NA,288092.0575502921,NA,NA,NA,NA,NA,NA,NA,NA
M499T691_NEG,499.3059729467605,691.4758605957031,5856921.459629488,6807614.910128116,NA,NA,6445391.275473937,5285035.207337469,6667152.489870765,NA,NA,NA,6259728.030468781,NA,NA,NA,NA,NA,NA,NA,NA,9557678.303020798,NA,NA,15748842.035638994,NA,NA,NA,NA,6488628.162631411,NA,NA,5780980.342395829,5065897.469825135,NA,7471547.502622773,NA,NA,NA,31176946.408433724,23165881.008060157,3424609.0839707083,19421598.388029408,10968412.392014531,NA,NA,NA,164838225.1620251,NA,3645622.178206786,5380485.140392549,NA,NA,8066336.467412254,NA,NA,2820160.415469208,5471260.850437003,NA,3292955.7809179923,NA,NA,NA,NA,7347387.914891825,19680269.047676533,11211694.78618421,10708611.055856178,NA,NA,NA,NA,NA,NA,NA,NA,NA,14205724.918199997,NA,NA,NA,NA,NA,NA,NA,NA,NA,NA,NA,71816775.06361409,NA,4185275.3670234606,NA,NA,6036902.795467105,NA,NA,NA,NA,NA,NA,NA,NA,NA,NA,2994644.0564345727,NA,NA,NA,NA,NA,NA,NA,NA,NA,NA,NA,NA,NA,NA,NA,NA,NA,NA,NA,NA,5106058.338673946,NA,NA,NA,NA,NA,NA
M499T708_NEG,499.30593844213894,707.79840087890625,7131162.316705923,NA,8282763.7442140095,8886063.236238295,NA,5790309.213140628,NA,NA,NA,7487588.206520094,9175943.463984348,NA,NA,NA,6781536.22869422,NA,25404150.097914554,18214781.683976043,NA,5777782.47868271,NA,NA,NA,NA,NA,NA,13187063.576584786,NA,NA,NA,NA,NA,16683443.319523143,10004057.536330735,450032.9365555252,NA,9162749.360102952,NA,NA,NA,NA,NA,NA,NA,21253099.188777342,NA,NA,NA,NA,NA,994753.397292612,NA,2963981.0742114494,NA,NA,NA,NA,NA,13582932.223469118,NA,NA,NA,NA,NA,NA,NA,NA,4963984.032785652,NA,NA,NA,NA,NA,NA,14215248.01235703,NA,NA,NA,NA,NA,NA,NA,NA,NA,NA,NA,NA,NA,NA,NA,NA,NA,NA,NA,NA,12860057.041965533,NA,NA,NA,NA,NA,3782185.7727854,NA,NA,NA,1448679.6734681893,15333584.430720123,NA,NA,NA,7615787.5519993035,15372768.113714276,NA,NA,NA,1177065.3452730225,297667.3696953127,NA,NA,NA,NA,NA,NA,NA,NA,NA,NA,2856457.1870156266,NA,5324741.133661635,710248.4659941394
M501T662_NEG,501.32233146281453,661.84075927734375,10988008.357828077,17987492.52863984,13963997.5139843,22314921.160831604,12679980.481272845,NA,16282037.642964879,NA,NA,12767290.91044745,12698004.132801099,NA,NA,16057853.518655188,21311036.722317714,NA,NA,66287982.847568125,NA,24885970.06692189,54705076.31966269,NA,NA,NA,NA,NA,25179388.55899484,21656215.839162495,NA,25677062.08960812,NA,13406789.515980138,70286039.11637117,NA,NA,NA,NA,30454048.063557625,15378340.346727293,13248510.623492174,25578459.784653403,18799251.021042634,NA,NA,NA,NA,NA,4466074.295016301,NA,NA,NA,NA,NA,NA,NA,11680258.651943125,NA,NA,NA,NA,NA,NA,NA,27265339.504277647,NA,22248281.153607894,3729571.6047843774,NA,NA,NA,NA,NA,NA,NA,NA,34760850.24267188,NA,NA,23466183.31397658,NA,NA,NA,NA,NA,NA,NA,NA,39789272.0558409,NA,8380771.623665623,NA,NA,NA,NA,NA,NA,3405995.2400804693,NA,3118854.3964367206,NA,NA,NA,8783263.530330515,9185667.65955772,NA,NA,NA,NA,NA,20536921.704445288,10275102.891379846,107405678.55947775,NA,NA,NA,NA,NA,NA,NA,6231671.653052084,NA,NA,NA,NA,NA,16267151.319034273,NA,NA,NA,NA,NA
M501T706_NEG,501.3220600503985,705.7866516113281,16378685.919910405,15282133.959799107,17910107.17285642,17164886.713086292,15745192.252916865,15563072.946370203,14572028.097214306,NA,NA,16810087.854280382,NA,14381407.749333335,NA,NA,17181339.9487793,53773866.36540244,48210427.233910635,71655068.85199994,NA,NA,NA,NA,15240011.860663494,NA,NA,NA,27416680.67536379,NA,NA,NA,11887061.701876685,NA,NA,39921161.55775174,NA,NA,8391326.67203489,33717648.331366204,NA,NA,NA,17276037.418500047,NA,NA,29102729.65727675,47020352.04181752,NA,NA,10143376.503986392,NA,NA,15413727.004041074,NA,11336630.951410804,NA,NA,NA,NA,35005542.15404248,NA,NA,NA,8610117.623691415,30447584.398606475,12836601.056576721,NA,NA,13286790.030024506,NA,NA,NA,NA,NA,NA,24703653.730129916,52742072.766494885,NA,NA,NA,NA,NA,NA,NA,NA,NA,NA,NA,19077493.297500014,NA,NA,NA,NA,7429330.926037105,4228411.964501958,NA,9608992.420523418,NA,NA,6594940.126143943,NA,NA,NA,NA,NA,NA,NA,42095224.31388821,NA,NA,NA,NA,NA,NA,NA,NA,NA,NA,NA,NA,NA,NA,NA,NA,3964808.357587904,NA,NA,NA,5394847.063168257,NA,NA,NA
M503T660_NEG,503.3378812006211,659.6766357421875,NA,47848916.285610065,62288454.59478074,NA,NA,58558696.38178114,63905035.380576976,NA,NA,64165916.85315854,64752399.60802519,NA,14170142.673656281,NA,NA,132420730.1177863,373520986.8003861,373123030.4074296,NA,102668540.86983822,NA,NA,32198382.13418017,NA,NA,45746783.13054829,89451288.13175909,75221854.23423213,NA,122880951.61095917,NA,NA,213273474.99424395,NA,NA,44024456.657671966,25500637.386747308,NA,76032967.34807809,28336119.74926319,NA,133252658.24486218,NA,NA,79394842.1632396,65913433.97904381,1518200.9644482434,NA,NA,NA,NA,NA,23552124.365120597,NA,NA,NA,NA,54690849.32714977,150590841.2786533,82830607.635825,NA,NA,NA,NA,53431384.79521495,75395117.31219876,11232117.450550973,NA,NA,NA,NA,NA,NA,NA,122559670.94660714,147157037.8398745,NA,NA,NA,NA,NA,NA,NA,NA,NA,NA,NA,NA,NA,14824208.665622199,NA,NA,15112641.204965292,NA,15368055.532528434,NA,NA,NA,NA,NA,NA,NA,13812115.323883941,14259153.246916104,NA,3062982.4818359236,NA,NA,NA,NA,NA,NA,NA,NA,NA,NA,NA,240615596.87090546,NA,NA,NA,NA,NA,NA,NA,NA,NA,NA,NA,NA,NA
M504T660_NEG,504.34099619628984,659.68902587890625,NA,19741276.983998355,13759054.637062538,NA,NA,20211089.192727737,12266145.254923437,NA,NA,15600802.604343792,20422650.427969832,NA,3089986.36816543,NA,NA,37962022.15829004,NA,121408941.09665659,NA,24493510.860863294,NA,NA,NA,NA,NA,14820011.8228318,30075172.597188406,NA,NA,36582626.52252391,NA,18897748.90898648,56391394.83756422,35532166.81970314,NA,18727813.50912781,NA,NA,20756153.042830303,8304013.925870429,NA,42719899.35773491,NA,NA,25325864.63869271,21181551.706863303,NA,NA,NA,NA,NA,NA,4783004.920644806,NA,NA,18133116.83552632,NA,25433144.90305993,45008534.6480516,NA,NA,NA,NA,NA,NA,NA,NA,NA,NA,NA,NA,NA,NA,NA,38952745.120024644,NA,NA,NA,NA,NA,NA,NA,NA,NA,NA,NA,NA,32640263.51764282,NA,4907657.42767946,NA,NA,NA,NA,4715538.070870721,2617904.552143214,NA,NA,NA,NA,NA,NA,4509828.800124992,8758134.864896476,NA,762473.9456637087,NA,NA,NA,16775984.641623596,4452120.116138657,83853452.2789316,NA,NA,NA,NA,NA,67884880.74453375,NA,NA,NA,NA,NA,NA,NA,NA,NA,NA,NA,4048121.8746601497,NA
M515T692_NEG,515.3008353853163,691.9648742675781,10637791.164492216,10298954.336177472,10949436.047269544,9297180.899587901,12304594.9202461,8978522.285575747,10702909.297988264,NA,NA,13469951.199771622,13106996.922249988,11044725.798278306,NA,25981840.4664037,7407136.606617201,28889037.04492364,NA,15583641.86216519,NA,NA,12485187.315208964,NA,45660215.9504835,NA,NA,18331835.01963578,22586911.959468763,11547823.881699177,20936769.21768749,18828545.41938332,12765482.819201386,13784779.384168608,12815482.17706768,13522030.988589888,NA,11958996.830200195,NA,61311620.58613029,63688108.21499492,NA,42804331.93330064,25086085.495089155,NA,NA,18542381.973306365,246091989.43437558,NA,NA,14721951.663885389,334444.7698199365,NA,17987310.02065436,NA,6558102.877197262,5747869.3688823795,11084135.859900905,22762251.713272385,7113764.367846801,26163338.949327912,22855774.419590894,11293386.102818867,NA,18334669.324339245,35203007.57242645,18583292.01574992,NA,NA,7783383.065757799,186353.85478454502,NA,NA,7446713.216531271,10276378.070129564,13957952.69933998,23127675.62252208,38991883.78607515,NA,743518.3570677084,7549996.442424322,NA,NA,NA,3130136.234609381,NA,NA,NA,NA,163531156.81842402,1628362.8639965872,9183178.423100026,NA,NA,10027402.599274373,4227727.980395098,NA,9399489.509643758,NA,6808380.845820599,8219285.4278400345,NA,NA,NA,9019161.258936398,NA,4385285.23399999,NA,28115494.20861331,NA,2827372.6972986734,5149679.171574877,10939471.670503614,NA,NA,NA,NA,NA,NA,21594382.695386685,NA,NA,NA,NA,NA,NA,11641379.91419039,21697433.73068635,NA,5909010.909848969,NA,NA,NA
M519T620_NEG,519.332158494664,619.517578125,20704097.123437434,19983744.260332037,19326357.262369715,22627404.718833324,18368157.585492108,22502767.7554531,21546576.775280353,NA,8910344.054296872,20902583.37742698,21942086.433216784,22264544.530781753,12261553.48509486,14872617.254876507,21152974.981767606,75540440.55150405,136109513.77946025,157234445.39711133,NA,NA,62027990.89592873,NA,19352194.42393224,NA,NA,93285310.25848724,52614793.97578131,27299289.16649949,108381910.94124226,58498291.15576171,21973695.17925693,19837904.138851546,91446927.419461,62954972.08732719,NA,28221927.21516294,13414918.744201167,27806849.861999992,27862245.38579292,NA,41804687.50559769,53733060.12126842,14978113.016997457,NA,30349067.407404967,37172058.93382319,NA,NA,9961928.788499618,NA,NA,17874699.303112913,11127487.829212891,20078570.277698956,14455346.237459851,26301849.713078126,62613805.50671078,27713908.710410774,109105285.76451153,102889050.975402,22010228.519183584,NA,17118859.235151563,38572875.32343741,21551485.470394496,41493576.42621082,NA,13667143.949067127,NA,NA,NA,21342773.7352932,20802640.724053156,67453173.63285148,48554173.79413386,45855765.12207152,NA,NA,NA,NA,NA,NA,5786751.109180785,NA,NA,NA,NA,20014665.727364592,NA,7478175.3514132025,NA,NA,NA,NA,17786528.864746068,NA,NA,7942677.843489014,NA,NA,NA,NA,10382358.410036463,10738115.768408522,NA,NA,18383823.652703974,NA,NA,12460749.173333954,NA,114905125.93299979,NA,NA,NA,NA,NA,130061651.56371076,NA,NA,8663210.079822248,NA,NA,4179095.643199077,NA,NA,NA,NA,7275752.751519587,13722292.538084963,NA
M682T581_NEG,682.4154243022732,581.056640625,1017976.2660552551,NA,888787.2169503404,NA,763020.7442812591,821836.8322499981,NA,NA,NA,756782.5896523431,852413.3061562468,1122325.0178129906,580264.293550786,1113797.85961356,884174.2559196475,2314707.4873102657,1340110.8472531184,1492199.3869497662,NA,1406519.340339292,NA,NA,1597497.3740195362,NA,NA,1287453.5029754466,1297293.2532232269,873916.922354498,1486848.0886875042,1095257.2717773411,648921.7932539077,984202.6560468844,1822724.137460939,NA,NA,385751.6825390645,NA,1308707.99901675,916755.5379433612,431438.40844843787,1509348.6768526682,1740072.2279665214,541955.4870892842,NA,698699.4982756667,840771.6850647358,NA,315528.3941015636,365732.86788365175,NA,NA,367373.78300049034,384885.1378320323,876655.0074312976,NA,1057562.5436074245,NA,451753.1390156231,755288.9685249988,1170671.7523007873,NA,NA,375994.92854687513,NA,673026.4155758872,1546711.6750814742,370311.0657368858,NA,NA,NA,NA,968952.7633798822,NA,868319.4283593702,1336289.8455859285,1072527.156361608,NA,NA,906578.6946361562,NA,NA,NA,557201.2368750008,NA,NA,NA,NA,NA,NA,NA,NA,NA,NA,NA,NA,809645.574814454,357814.86818749976,541177.6161109075,NA,NA,NA,NA,NA,499934.5115380837,NA,NA,NA,NA,NA,696931.8228635257,NA,1865190.798281252,NA,NA,NA,NA,NA,1124974.0922589325,NA,575312.4428554677,NA,NA,NA,558950.4138417954,122409.65499414233,414390.7914000041,NA,NA,460099.6152723234,460046.951035553,NA
M797T663_NEG,797.4672770774506,663.177734375,83366833.00728779,NA,NA,93134469.63802713,NA,NA,NA,NA,258186764.04795983,91002567.64363265,92661566.66201489,98425952.53594925,33328692.658845466,124428011.52467671,973580549.7456986,66935888.77554695,NA,56311268.54786445,NA,311572543.2735827,84269993.51953143,NA,266515447.40664542,3290253.031397938,1747674.3809765591,NA,NA,NA,NA,NA,NA,NA,NA,158507726.96312198,NA,NA,NA,3458302.966708301,NA,37575672.65343596,299590769.2428968,648155351.6861668,NA,3721000.283710946,NA,30226850.042182896,NA,131791323.65603277,3258585.765710932,NA,NA,NA,NA,68391697.93336019,NA,NA,NA,NA,NA,NA,NA,NA,NA,18741969.566609923,NA,NA,NA,NA,NA,NA,NA,NA,NA,NA,NA,NA,NA,NA,NA,NA,NA,NA,NA,NA,NA,NA,NA,NA,NA,NA,NA,NA,NA,NA,956866.8121646227,NA,19632572.347704984,43374186.98757948,9182080.1855837,NA,NA,1990443.6778014344,NA,NA,NA,NA,NA,NA,NA,NA,NA,NA,NA,NA,562417.5876415953,NA,2675429.882408799,NA,NA,NA,NA,2252288.6283759903,NA,42424702.03470128,NA,1049078.34758203,NA,NA,NA,2574187.9205598105,1155274.9324218684
M811T568_NEG,811.4469004752743,568.4849853515625,11938117.342233187,10447424.713400345,10934689.428623036,NA,13107308.834069094,13409995.76684522,10522179.51918757,17751929.793268334,17861584.1700536,10763220.973057969,10728592.018371116,11709932.810531233,NA,NA,143553127.7056211,5299970.1385312285,NA,14753853.11306116,NA,50704306.950729124,19651651.90297314,NA,32274042.786004554,NA,NA,NA,25136634.087210897,40406889.555684775,NA,44166037.2118711,82288803.71681245,19905978.962884028,NA,36649657.10400894,NA,9883644.261922762,1026996.9901586194,NA,30470585.325525045,11564355.871418018,60481223.97490599,56518485.47324975,NA,NA,NA,NA,3537393.213942252,18836761.046869557,NA,NA,NA,NA,NA,20060668.21424535,NA,NA,NA,15993748.871463675,NA,NA,NA,NA,NA,NA,111732697.43037382,122758522.75118615,6877099.394482007,NA,NA,NA,NA,NA,NA,NA,33339915.762012586,NA,NA,NA,NA,NA,NA,NA,3066042.2934208983,NA,NA,NA,NA,23497309.446816266,2400287.8231407236,NA,NA,NA,NA,NA,NA,NA,NA,NA,NA,NA,NA,NA,NA,2061219.5066750664,NA,895783.0666023949,NA,NA,NA,NA,NA,NA,NA,NA,NA,NA,NA,NA,NA,NA,NA,NA,NA,NA,NA,NA,NA,NA,NA,250787.935650784,NA
M811T586_NEG,811.4463310027854,585.7926025390625,NA,8063410.653476323,10321260.743991034,10000160.280679658,NA,6733526.600888883,7644255.307536713,10861611.195419343,6713222.052225955,9252204.303967599,9760596.691052068,7242014.246945776,11206149.795926388,38576935.45212889,NA,NA,NA,20292867.966575507,NA,30799886.68443066,11010780.58297351,NA,NA,NA,NA,NA,34605984.036308706,14526009.55157376,NA,24156644.713077307,50109169.87045316,20033650.309647195,NA,16320963.276777405,NA,13904713.128487326,NA,NA,34239554.82529093,10201337.6233281,NA,25164695.717806693,1724529.6482914048,NA,NA,15981045.372101614,NA,NA,NA,NA,NA,NA,NA,NA,NA,15250765.419787291,NA,NA,NA,NA,NA,NA,NA,7423281.680761687,NA,NA,NA,NA,NA,NA,NA,NA,NA,11552205.719071342,17652047.069026798,NA,NA,NA,NA,NA,NA,NA,5410718.26520087,NA,NA,NA,NA,NA,3006098.368297851,2164990.594342207,NA,NA,NA,NA,NA,NA,3254500.3557057227,3466554.831527365,1932822.900033377,NA,NA,NA,NA,NA,NA,NA,NA,NA,NA,NA,NA,16570615.90482212,NA,NA,NA,NA,NA,NA,NA,NA,NA,NA,NA,NA,NA,NA,NA,NA,NA,NA,NA
M812T568_NEG,812.4505106744607,568.3173828125,NA,5313423.149949749,4655078.649710582,5517516.440819124,NA,5857467.287032518,5011653.375709478,9045809.285741495,8196040.93861541,NA,4869486.738286469,5295919.658847647,NA,NA,88347486.08727084,NA,NA,6913716.202274722,NA,21015636.37282881,8936251.997560525,NA,15134846.13855697,NA,NA,NA,11665262.143824283,17675733.196941737,NA,16991685.334725764,36271213.30035255,9416508.816563545,NA,17238445.361776438,NA,4243401.928707645,412530.04993414826,NA,NA,5261510.844041037,28486544.32943738,26127819.93487488,NA,NA,NA,NA,NA,12098872.212672979,NA,NA,NA,NA,NA,10108716.437109241,NA,7001524.019328118,NA,5817444.972640616,NA,NA,NA,NA,NA,NA,34354149.627419315,39617602.02565888,3883625.0295402855,NA,NA,NA,NA,NA,NA,NA,15155569.987068512,NA,NA,NA,NA,NA,NA,NA,NA,NA,NA,NA,NA,10687146.700986264,NA,NA,NA,NA,NA,NA,NA,NA,NA,NA,NA,NA,NA,NA,NA,NA,NA,360788.66766562214,NA,NA,NA,NA,NA,NA,NA,NA,NA,NA,NA,NA,NA,NA,NA,NA,NA,2654437.006810918,NA,NA,NA,NA,NA,NA,NA
M825T538_NEG,825.4277602056624,537.9849853515625,9443847.998440893,9256007.327885088,9594345.811318748,8408249.626092771,9941408.460175877,9321686.577146703,8171750.522244418,3213743.679170376,3167138.715848433,9843450.858398456,9298745.76002716,9910885.580976324,3075979.696516228,36610497.261224724,77416595.45877373,NA,11779315.654672299,NA,NA,21176890.46152782,11280106.189834317,NA,30975755.102321323,NA,NA,NA,22849810.903867263,17141884.038637746,NA,29781421.977766056,55493827.142459095,22855517.88643527,17271629.784439754,25399720.21722704,NA,8964184.712273432,NA,NA,34078713.07516778,12054479.068345973,46014166.67159529,40468960.51939225,NA,NA,NA,13369079.174435379,NA,12969062.182927087,NA,NA,NA,NA,NA,33044212.471357405,NA,20760851.187777814,NA,8812870.430631975,3175617.1145190923,NA,NA,NA,5310411.008603463,15094542.954474704,33153774.216757827,33788291.67365623,6700517.148620184,NA,NA,NA,NA,NA,NA,2808320.3404101585,26158277.27236271,NA,NA,NA,NA,NA,NA,NA,NA,NA,NA,NA,NA,85540973.82640585,7395805.489286152,NA,NA,NA,NA,NA,NA,NA,NA,5705351.034352618,NA,NA,NA,NA,NA,NA,1137754.496194338,NA,NA,NA,NA,NA,NA,15301209.94194009,NA,NA,NA,NA,NA,NA,NA,974547.0086795986,NA,NA,NA,3253731.9122998086,NA,NA,NA,NA,NA,NA,NA
M826T538_NEG,826.4330541700908,537.94439697265625,NA,4225092.560687987,4208815.957656493,NA,NA,NA,3860196.8055000035,1257575.32281856,1404016.5180125579,4297637.159093758,3765459.723353668,4011446.2302327496,NA,16119581.785029855,36143039.73753797,NA,NA,NA,NA,9299117.087025426,NA,NA,13227202.149707044,NA,NA,NA,10592647.806152344,8193262.3579780245,NA,13585400.269761339,26109646.653515615,10431951.61429573,NA,12936814.33091284,NA,3301601.1756718624,NA,NA,14057670.008199925,4800540.8028875785,21168372.372012965,17647840.052071605,NA,NA,NA,7522231.748678941,NA,6495262.144024068,NA,NA,NA,NA,NA,14467689.945627552,NA,8124661.183402601,NA,4056214.5024262294,NA,NA,NA,NA,2461205.7442466496,NA,14152598.907612031,15989863.36117624,2948983.8032910074,NA,NA,NA,NA,NA,NA,NA,10503375.584435409,NA,NA,NA,NA,NA,NA,NA,NA,NA,NA,NA,NA,34941630.970067054,NA,NA,NA,NA,NA,NA,NA,NA,NA,NA,NA,NA,NA,NA,NA,NA,NA,NA,NA,NA,NA,NA,NA,NA,NA,NA,NA,NA,NA,NA,NA,NA,NA,NA,NA,NA,NA,NA,NA,NA,NA,NA,NA
M827T537_NEG,827.4407979127726,537.2618408203125,20652404.010925785,20909520.955691505,22747972.108539537,23521161.81693498,24883752.641099118,21630710.633148193,23104385.68643141,7505629.789491568,5819989.094156267,21075801.453818157,20478109.643789023,NA,NA,76314977.51060258,220843254.21629143,NA,NA,46446504.075311914,NA,51081481.09973777,35654643.345729135,NA,89041216.07628553,NA,NA,NA,76922112.53800264,44169135.96157021,NA,93212549.33012486,122980072.5930758,48559606.994843915,45309780.816121474,66643949.262765765,NA,21130630.194425423,NA,NA,80460883.08105491,27474778.046921566,121620041.28808084,104569197.43538699,NA,NA,NA,38185140.218288265,NA,28627434.168385252,NA,NA,NA,NA,NA,76023324.25634363,NA,42212207.95651459,NA,19564011.672005374,NA,NA,NA,837839.9458046898,14752798.498367196,44116891.085401855,102933631.04359286,87501940.52392203,17919301.231786806,NA,NA,NA,NA,NA,NA,NA,64388769.10310725,15766901.26648829,961526.3063027253,NA,NA,NA,NA,NA,18167920.865453124,NA,NA,NA,NA,342266192.8795644,NA,NA,NA,NA,NA,NA,NA,NA,6363085.150798674,12144426.374824733,NA,NA,NA,NA,NA,7186281.2868889375,NA,NA,NA,NA,NA,NA,NA,NA,NA,NA,NA,173854.42806047754,NA,NA,NA,NA,NA,NA,NA,7688916.942145142,NA,NA,741252.0959299017,NA,NA,NA,NA
M841T506_NEG,841.4228230569279,506.24855041503906,3179305.5941569568,NA,NA,1624293.0622999945,3145138.5279532424,NA,3305090.3061065525,NA,635843.3016456167,3553747.9487414574,NA,3843787.5770165394,3270384.4107213537,11367944.50344319,17402427.301273394,NA,NA,NA,NA,5255276.470069017,5056447.376077484,NA,10564695.810222233,NA,NA,NA,12709220.523727862,6002485.731195741,NA,12527107.92278975,23793018.92346011,10761771.154093422,NA,5806298.166948153,NA,5228940.947951004,NA,NA,10401886.442837654,4743502.703124986,16113604.612870734,12319818.044013476,NA,NA,NA,7724889.6581551805,NA,NA,NA,NA,NA,NA,NA,13793120.85674591,NA,6831234.358384638,NA,3457302.591530685,NA,NA,NA,NA,3703192.8000319507,11749720.66833517,11185529.771852296,11411801.419366114,NA,NA,NA,NA,NA,NA,NA,NA,8752771.764048627,4228988.878951708,NA,NA,NA,NA,NA,NA,NA,NA,NA,NA,NA,31986960.891455766,NA,NA,NA,NA,NA,NA,NA,NA,NA,NA,NA,NA,NA,NA,NA,NA,NA,NA,NA,NA,NA,NA,NA,8949504.70772289,NA,NA,NA,NA,NA,NA,NA,NA,NA,NA,NA,NA,NA,NA,NA,NA,NA,NA,NA
M930T637_NEG,929.5109074163296,636.9493713378906,2704864.0521855187,2703224.809277346,NA,2355475.8724637306,NA,3215005.3299518568,3180106.1306064264,4986675.66821927,NA,NA,NA,3173868.1432617386,NA,NA,NA,NA,3414588.7915253737,6220365.399388674,NA,NA,NA,NA,NA,NA,NA,NA,NA,NA,NA,NA,NA,2068686.313954112,NA,NA,NA,NA,NA,NA,3493324.2936934964,NA,NA,NA,NA,NA,NA,NA,NA,NA,NA,NA,NA,NA,NA,1796678.22406274,NA,NA,NA,4620022.046934368,NA,NA,NA,NA,NA,NA,NA,NA,NA,NA,NA,NA,NA,NA,NA,NA,NA,NA,NA,NA,NA,NA,NA,NA,NA,NA,NA,NA,NA,NA,NA,NA,NA,NA,NA,NA,NA,NA,NA,1572278.8772266817,NA,NA,NA,NA,NA,NA,NA,NA,NA,NA,NA,NA,NA,NA,NA,NA,NA,NA,NA,NA,NA,NA,NA,NA,NA,NA,NA,NA,NA,NA,NA,NA,NA
M939T626_NEG,939.4961487916797,626.10894775390625,722640.5210625065,705107.6301573676,NA,885925.5929999948,652848.8081705711,813549.9211007826,535268.6433837897,NA,NA,545414.5754020973,723129.84393446,780069.9622675803,586627.5233020798,NA,NA,438829.74802265514,NA,NA,NA,NA,NA,NA,NA,NA,NA,NA,NA,NA,NA,1818262.476056251,NA,NA,NA,NA,NA,452677.3228791525,229730.85531171903,NA,NA,NA,3802930.1726074074,NA,NA,NA,NA,NA,NA,1995525.2723554794,NA,NA,NA,522865.78129644506,320298.7540429687,NA,NA,1204466.5511263001,NA,446232.0673674684,619422.8008675816,NA,NA,NA,NA,NA,NA,2078145.228177077,467890.6640374375,NA,NA,NA,NA,NA,NA,NA,NA,NA,NA,NA,NA,NA,NA,NA,NA,NA,NA,NA,NA,6288739.462371482,NA,NA,NA,NA,NA,NA,NA,648683.5183883982,575711.3265294937,783130.2913740216,NA,NA,NA,NA,180051.73865000127,NA,NA,NA,NA,NA,NA,NA,NA,1118952.9188064223,NA,NA,NA,NA,NA,NA,NA,409090.64914375043,175309.12215566245,NA,NA,NA,NA,NA,NA,NA,NA,NA,NA
